method,config,seed,composite,weighted_tardiness,setup_cost,makespan
SPT,tiny_1m,0,0.23556204520608792,0.0,49.14445877075195,151.9632568359375
SPT,tiny_1m,1,0.32520651130208666,26.573875427246094,59.515785217285156,203.22959899902344
SPT,tiny_1m,2,0.08787795654245392,0.0,18.450048446655273,153.1282958984375
SPT,tiny_1m,3,0.14859591409930145,0.0,23.276283264160156,144.73410034179688
SPT,tiny_1m,4,0.4810105582322228,98.30524444580078,79.70867156982422,231.45547485351562
SPT,tiny_1m,5,0.36650797044477146,20.030174255371094,36.43252182006836,185.05120849609375
SPT,tiny_1m,6,0.4009320748289338,45.974525451660156,74.61257934570312,202.24343872070312
SPT,tiny_1m,7,0.4087148187828952,20.44393539428711,46.68043899536133,194.7825469970703
SPT,tiny_1m,8,0.5541544785816961,152.3822784423828,60.92689514160156,236.61253356933594
SPT,tiny_1m,9,0.49321786489745734,96.43687438964844,17.81122589111328,233.43997192382812
SPT,tiny_1m,10,0.4297073279704839,42.89312744140625,60.4282112121582,200.97764587402344
SPT,tiny_1m,11,0.31515406096351084,0.0,52.718414306640625,127.19837188720703
SPT,tiny_1m,12,0.3333333333333333,0.0,74.73823547363281,161.80154418945312
SPT,tiny_1m,13,0.3867563433422436,40.972923278808594,29.555307388305664,207.75057983398438
SPT,tiny_1m,14,0.2748458618413241,80.90408325195312,48.27204132080078,227.82972717285156
SPT,tiny_1m,15,0.3479390839116389,10.980758666992188,97.26651763916016,194.41868591308594
SPT,tiny_1m,16,0.3333333333333333,0.0,114.08975982666016,173.0005340576172
SPT,tiny_1m,17,0.3333333333333333,0.0,70.74896240234375,175.48121643066406
SPT,tiny_1m,18,0.34262690228351556,6.9501953125,33.051788330078125,188.27671813964844
SPT,tiny_1m,19,0.3333333333333333,0.0,83.53644561767578,162.25433349609375
SPT,tiny_1m,20,0.3333333333333333,0.0,55.498695373535156,151.72158813476562
SPT,tiny_1m,21,0.3883848398785634,29.098812103271484,75.67588806152344,205.34878540039062
SPT,tiny_1m,22,0.3333333333333333,0.0,76.31028747558594,151.44329833984375
SPT,tiny_1m,23,0.29937716680932686,0.0,66.10751342773438,176.34678649902344
SPT,tiny_1m,24,0.3613500098722365,10.50213623046875,70.29979705810547,190.5399627685547
SPT,tiny_1m,25,0.3333333333333333,0.0,57.10462951660156,94.126220703125
SPT,tiny_1m,26,0.35839113046903504,13.703983306884766,39.4984016418457,178.80999755859375
SPT,tiny_1m,27,0.2840303895283603,0.0,70.7979507446289,179.16331481933594
SPT,tiny_1m,28,0.3520169287343465,13.145574569702148,95.58344268798828,200.8669891357422
SPT,tiny_1m,29,0.3333333333333333,0.0,96.82833862304688,138.23919677734375
SPT,tiny_1m,30,0.19258428773116443,0.0,71.90841674804688,166.1502685546875
SPT,tiny_1m,31,0.1836845589975111,4.490142822265625,30.12694549560547,190.68820190429688
SPT,tiny_1m,32,0.321828619848929,0.0,47.058135986328125,165.9132080078125
SPT,tiny_1m,33,0.33305573524161414,28.737022399902344,58.17081832885742,198.95809936523438
SPT,tiny_1m,34,0.18181312070924338,0.0,44.1136360168457,166.24435424804688
SPT,tiny_1m,35,0.4134468673737707,67.01072692871094,47.19695281982422,207.36624145507812
SPT,tiny_1m,36,0.08954392200586846,0.0,11.64482593536377,177.9543914794922
SPT,tiny_1m,37,0.3472554232867577,13.344329833984375,78.05825805664062,188.81201171875
SPT,tiny_1m,38,0.2081094664342658,47.726341247558594,42.67799377441406,207.01702880859375
SPT,tiny_1m,39,0.3333333333333333,0.0,71.13888549804688,164.37435913085938
SPT,tiny_1m,40,0.46395070077822553,108.77944946289062,124.68382263183594,232.54417419433594
SPT,tiny_1m,41,0.47821114033464873,163.25030517578125,92.50550842285156,250.7720184326172
SPT,tiny_1m,42,0.38672964680405736,50.54624938964844,42.69305419921875,212.95880126953125
SPT,tiny_1m,43,0.2391494159955903,3.3024139404296875,70.81805419921875,169.74673461914062
SPT,tiny_1m,44,0.3333333333333333,0.0,145.3265838623047,166.67599487304688
SPT,tiny_1m,45,0.5100706242690588,107.65457916259766,43.890316009521484,224.39553833007812
SPT,tiny_1m,46,0.17859190969126906,24.5723876953125,30.392196655273438,194.02020263671875
SPT,tiny_1m,47,0.3365427298687067,62.43763732910156,45.61646270751953,216.81051635742188
SPT,tiny_1m,48,0.42533704629143515,73.20901489257812,100.84536743164062,214.5859832763672
SPT,tiny_1m,49,0.4476420237022954,48.462032318115234,87.5744400024414,202.6728973388672
NN-Greedy,tiny_1m,0,0.360007317581876,141.13235473632812,36.89664077758789,147.4900665283203
NN-Greedy,tiny_1m,1,0.3269172211984952,150.21493530273438,19.08132553100586,191.0213623046875
NN-Greedy,tiny_1m,2,0.08787795654245392,0.0,18.450048446655273,153.1282958984375
NN-Greedy,tiny_1m,3,0.38560684682883395,94.09262084960938,40.4884147644043,151.87808227539062
NN-Greedy,tiny_1m,4,0.47317858482688663,192.53526306152344,43.986289978027344,216.06280517578125
NN-Greedy,tiny_1m,5,0.4248812050455872,179.13790893554688,14.01053524017334,173.630859375
NN-Greedy,tiny_1m,6,0.4307220954470281,153.2977294921875,45.958465576171875,191.1239471435547
NN-Greedy,tiny_1m,7,0.33260515266919727,48.557289123535156,21.505203247070312,188.5420379638672
NN-Greedy,tiny_1m,8,0.5652423486158573,230.023681640625,42.38848876953125,227.06298828125
NN-Greedy,tiny_1m,9,0.5679044890503281,190.64097595214844,13.456586837768555,226.11016845703125
NN-Greedy,tiny_1m,10,0.5777687112294321,148.35650634765625,44.3123779296875,194.11737060546875
NN-Greedy,tiny_1m,11,0.17130051453790907,4.077537536621094,22.4799747467041,121.08285522460938
NN-Greedy,tiny_1m,12,0.32261450803651265,12.602882385253906,61.78789138793945,158.1160888671875
NN-Greedy,tiny_1m,13,0.6581445757593299,255.65090942382812,28.7996883392334,207.17897033691406
NN-Greedy,tiny_1m,14,0.5228025234346199,229.35264587402344,58.15790557861328,231.44985961914062
NN-Greedy,tiny_1m,15,0.3161321792989605,85.47998809814453,59.06996154785156,183.47885131835938
NN-Greedy,tiny_1m,16,0.3401968453369939,33.47294616699219,76.26483917236328,164.5012969970703
NN-Greedy,tiny_1m,17,0.4087415595552262,89.61613464355469,16.00516128540039,156.83705139160156
NN-Greedy,tiny_1m,18,0.48740030746814056,162.6470947265625,26.763425827026367,183.97178649902344
NN-Greedy,tiny_1m,19,0.6038572002255123,119.37631225585938,67.79580688476562,158.82278442382812
NN-Greedy,tiny_1m,20,0.2383493899469416,73.14892578125,13.591985702514648,138.96202087402344
NN-Greedy,tiny_1m,21,0.5537007076764333,139.96206665039062,65.59034729003906,202.35586547851562
NN-Greedy,tiny_1m,22,0.5145746083886026,93.88037109375,66.20799255371094,149.06881713867188
NN-Greedy,tiny_1m,23,0.22026256866369842,70.4377212524414,17.873104095458984,161.027099609375
NN-Greedy,tiny_1m,24,0.538747664940505,112.22818756103516,50.4798583984375,182.60427856445312
NN-Greedy,tiny_1m,25,0.1164219579776912,0.0,19.944698333740234,88.5591812133789
NN-Greedy,tiny_1m,26,0.626875414060294,182.29832458496094,34.783329010009766,176.50645446777344
NN-Greedy,tiny_1m,27,0.4800444561037901,103.81254577636719,66.59471130371094,178.18650817871094
NN-Greedy,tiny_1m,28,0.5130771397553685,234.5297088623047,51.541595458984375,187.5616455078125
NN-Greedy,tiny_1m,29,0.2951526800140647,35.84325408935547,63.02204513549805,131.71417236328125
NN-Greedy,tiny_1m,30,0.16662047146235462,71.25860595703125,21.896039962768555,155.412841796875
NN-Greedy,tiny_1m,31,0.2806611573376616,57.30657958984375,19.656970977783203,187.60232543945312
NN-Greedy,tiny_1m,32,0.3511510010234564,73.42939758300781,15.298248291015625,155.23072814941406
NN-Greedy,tiny_1m,33,0.4949589120035287,192.86163330078125,54.27971267700195,197.7156524658203
NN-Greedy,tiny_1m,34,0.5012547047274569,131.11529541015625,80.87725067138672,174.4210205078125
NN-Greedy,tiny_1m,35,0.4813474664100441,184.43165588378906,36.9344482421875,201.61988830566406
NN-Greedy,tiny_1m,36,0.08954392200586846,0.0,11.64482593536377,177.9543914794922
NN-Greedy,tiny_1m,37,0.4507162538454062,195.1708984375,51.8958854675293,181.1519775390625
NN-Greedy,tiny_1m,38,0.2047391398769868,107.73670196533203,20.487071990966797,199.52328491210938
NN-Greedy,tiny_1m,39,0.5693991735977442,143.5220947265625,53.798988342285156,160.24169921875
NN-Greedy,tiny_1m,40,0.44914758745154165,211.49961853027344,73.01056671142578,217.79222106933594
NN-Greedy,tiny_1m,41,0.38958902588760785,219.93017578125,53.95204544067383,236.35275268554688
NN-Greedy,tiny_1m,42,0.4529855019984618,159.44924926757812,36.44437026977539,208.87757873535156
NN-Greedy,tiny_1m,43,0.5232716007098448,211.1754608154297,57.49871826171875,166.25497436523438
NN-Greedy,tiny_1m,44,0.3264652497958026,108.95785522460938,63.35540008544922,151.9793701171875
NN-Greedy,tiny_1m,45,0.5856024939388706,202.98822021484375,33.22785949707031,218.54812622070312
NN-Greedy,tiny_1m,46,0.13020784356453874,41.482765197753906,17.606094360351562,189.23361206054688
NN-Greedy,tiny_1m,47,0.2979864902302214,200.7992401123047,14.860034942626953,200.7490997314453
NN-Greedy,tiny_1m,48,0.36195351739274073,120.1942367553711,63.805538177490234,203.42324829101562
NN-Greedy,tiny_1m,49,0.5468225085551549,141.31918334960938,56.088584899902344,192.36380004882812
SPT,small_1m,0,0.2128156575740818,53.52326583862305,99.88803100585938,193.52371215820312
SPT,small_1m,1,0.38128728985093285,52.16783142089844,132.82569885253906,191.14447021484375
SPT,small_1m,2,0.34006422357202976,4.462455749511719,167.86050415039062,168.00357055664062
SPT,small_1m,3,0.3102296202559027,0.0,107.2282485961914,154.3966064453125
SPT,small_1m,4,0.40318903520722915,117.41246795654297,183.81137084960938,213.7570343017578
SPT,small_1m,5,0.3389601018753187,8.185474395751953,155.14743041992188,172.06085205078125
SPT,small_1m,6,0.38415472829681424,69.16130065917969,190.8136749267578,195.9106903076172
SPT,small_1m,7,0.41813977899850974,188.94044494628906,153.26971435546875,214.6510772705078
SPT,small_1m,8,0.25471360474576266,40.29591751098633,121.20413208007812,186.45469665527344
SPT,small_1m,9,0.3817219566883724,171.59046936035156,158.92164611816406,224.29495239257812
SPT,small_1m,10,0.41146204703158257,127.60311126708984,181.84860229492188,212.96087646484375
SPT,small_1m,11,0.21368216192405828,1.9005470275878906,116.15577697753906,160.44606018066406
SPT,small_1m,12,0.35549667637186994,24.904308319091797,137.66004943847656,181.54373168945312
SPT,small_1m,13,0.3970786162792152,156.21615600585938,134.70074462890625,223.9409637451172
SPT,small_1m,14,0.3452663424559918,203.1294403076172,149.88839721679688,226.5475616455078
SPT,small_1m,15,0.38913912280764623,54.17579650878906,201.3179931640625,194.23736572265625
SPT,small_1m,16,0.33359265958482376,0.400970458984375,137.70948791503906,178.35946655273438
SPT,small_1m,17,0.3423022217898241,10.161788940429688,162.081787109375,173.74107360839844
SPT,small_1m,18,0.30659433799665825,20.181560516357422,86.33555603027344,183.59951782226562
SPT,small_1m,19,0.3925641233549112,64.87159729003906,107.59077453613281,192.41970825195312
SPT,small_1m,20,0.3333333333333333,0.0,119.54912567138672,166.15928649902344
SPT,small_1m,21,0.3197251616123522,173.24594116210938,104.62675476074219,209.066162109375
SPT,small_1m,22,0.3145641692625175,38.82429504394531,118.5716781616211,189.38589477539062
SPT,small_1m,23,0.34160024523457466,8.725276947021484,121.52365112304688,182.53045654296875
SPT,small_1m,24,0.30795973185546827,76.8115234375,115.30320739746094,196.44790649414062
SPT,small_1m,25,0.30036116232310595,0.0,150.32693481445312,137.46803283691406
SPT,small_1m,26,0.33194278446803493,11.710990905761719,176.34539794921875,174.7755126953125
SPT,small_1m,27,0.3495196554128599,19.762413024902344,157.2903594970703,179.46353149414062
SPT,small_1m,28,0.4216408654103108,150.21014404296875,152.99935913085938,215.30557250976562
SPT,small_1m,29,0.3333333333333333,0.0,223.21649169921875,127.05110168457031
SPT,small_1m,30,0.15535078175746556,0.0,74.7243423461914,165.05393981933594
SPT,small_1m,31,0.3475137520440923,20.17583465576172,187.67210388183594,175.4427032470703
SPT,small_1m,32,0.4476450644879759,201.23355102539062,125.45738220214844,218.49542236328125
SPT,small_1m,33,0.2742457148327087,36.39427185058594,108.94737243652344,189.4185028076172
SPT,small_1m,34,0.45451309705236154,162.7842254638672,152.43048095703125,222.6940155029297
SPT,small_1m,35,0.39128535248224583,137.0592803955078,163.8950958251953,213.4557342529297
SPT,small_1m,36,0.35651581868732746,41.75368118286133,188.2589111328125,189.2960205078125
SPT,small_1m,37,0.3333333333333333,0.0,120.86869812011719,167.93589782714844
SPT,small_1m,38,0.28258782108675673,58.793975830078125,123.65657806396484,193.89443969726562
SPT,small_1m,39,0.38125910266146823,58.757171630859375,119.52902221679688,186.39193725585938
SPT,small_1m,40,0.2969473806882135,134.2459716796875,129.750244140625,215.33351135253906
SPT,small_1m,41,0.34648685360909204,100.89811706542969,115.01753997802734,208.06227111816406
SPT,small_1m,42,0.4739336210213022,189.9178466796875,147.6167755126953,220.54225158691406
SPT,small_1m,43,0.2718566846280904,0.2145843505859375,151.8726348876953,168.1390380859375
SPT,small_1m,44,0.3172320344826015,11.511804580688477,135.1827392578125,178.19532775878906
SPT,small_1m,45,0.36690054376213094,236.22113037109375,99.41944885253906,221.99649047851562
SPT,small_1m,46,0.4141079915170336,96.16830444335938,128.27737426757812,206.45196533203125
SPT,small_1m,47,0.33276008385714895,54.853538513183594,118.7352523803711,190.8243408203125
SPT,small_1m,48,0.41257475452944303,107.85214233398438,143.61843872070312,209.68649291992188
SPT,small_1m,49,0.374321719299064,55.98767852783203,172.15472412109375,189.24838256835938
NN-Greedy,small_1m,0,0.35090830869201955,374.25701904296875,26.19727897644043,183.45835876464844
NN-Greedy,small_1m,1,0.5345702661672525,362.62445068359375,80.18830871582031,182.9447784423828
NN-Greedy,small_1m,2,0.3786749414990656,170.1827392578125,61.42782974243164,152.64627075195312
NN-Greedy,small_1m,3,0.4127703926327432,230.1197052001953,66.26712036132812,148.094482421875
NN-Greedy,small_1m,4,0.21455299796880067,125.87931060791016,76.5359115600586,199.23226928710938
NN-Greedy,small_1m,5,0.42303478031437997,433.5813903808594,58.17425537109375,160.01193237304688
NN-Greedy,small_1m,6,0.36511914312981564,327.02935791015625,71.44640350341797,179.22125244140625
NN-Greedy,small_1m,7,0.27516465048544947,284.67828369140625,58.29670715332031,197.23440551757812
NN-Greedy,small_1m,8,0.239384951187397,183.36456298828125,57.30593490600586,177.70553588867188
NN-Greedy,small_1m,9,0.365515379347256,351.57586669921875,78.11283111572266,212.5528564453125
NN-Greedy,small_1m,10,0.37985121572719227,401.17742919921875,73.2224349975586,195.98556518554688
NN-Greedy,small_1m,11,0.37288730089801714,328.137451171875,78.2713623046875,156.04095458984375
NN-Greedy,small_1m,12,0.43758972296440746,303.2033996582031,69.2802505493164,171.15451049804688
NN-Greedy,small_1m,13,0.33560960527742423,343.2154846191406,76.20721435546875,213.21092224121094
NN-Greedy,small_1m,14,0.28225997693862404,362.8672180175781,68.6539535522461,213.46217346191406
NN-Greedy,small_1m,15,0.3717411360847185,246.9333038330078,70.89110565185547,178.95675659179688
NN-Greedy,small_1m,16,0.36808691935170246,254.2587432861328,84.13194274902344,171.2029571533203
NN-Greedy,small_1m,17,0.4802588925776023,377.6680908203125,71.4418716430664,161.63677978515625
NN-Greedy,small_1m,18,0.25215335557902596,110.8390121459961,47.190059661865234,174.74476623535156
NN-Greedy,small_1m,19,0.5160710237001418,333.3395080566406,68.33623504638672,185.71189880371094
NN-Greedy,small_1m,20,0.1956802723898963,50.68903350830078,53.20899963378906,155.3607177734375
NN-Greedy,small_1m,21,0.40503700938886267,438.4576110839844,60.594303131103516,201.3595428466797
NN-Greedy,small_1m,22,0.5203053295758443,351.247802734375,79.82710266113281,182.7799072265625
NN-Greedy,small_1m,23,0.3994645360577733,222.57205200195312,68.7525634765625,173.07113647460938
NN-Greedy,small_1m,24,0.26126954006017544,268.843994140625,26.099740982055664,183.06201171875
NN-Greedy,small_1m,25,0.3982622064493818,213.4811248779297,70.26084899902344,129.49766540527344
NN-Greedy,small_1m,26,0.33083027074870874,215.4932861328125,71.64299011230469,162.39578247070312
NN-Greedy,small_1m,27,0.30968001934577455,307.2098388671875,27.3973445892334,162.66836547851562
NN-Greedy,small_1m,28,0.361722625362383,238.51434326171875,76.40599822998047,204.09140014648438
NN-Greedy,small_1m,29,0.3068709744552446,81.18684387207031,65.66267395019531,114.89078521728516
NN-Greedy,small_1m,30,0.11451025164231199,99.43376922607422,21.173412322998047,157.49867248535156
NN-Greedy,small_1m,31,0.3287042418542197,275.8316345214844,75.9161376953125,161.79177856445312
NN-Greedy,small_1m,32,0.3542538416642225,384.08642578125,51.213565826416016,202.80084228515625
NN-Greedy,small_1m,33,0.17392295838020688,156.48057556152344,27.151775360107422,175.81031799316406
NN-Greedy,small_1m,34,0.34046061126672367,390.1273193359375,22.883869171142578,202.36141967773438
NN-Greedy,small_1m,35,0.29703664115074213,318.69683837890625,67.26441955566406,198.47720336914062
NN-Greedy,small_1m,36,0.3074090608196831,226.08631896972656,83.04655456542969,175.67437744140625
NN-Greedy,small_1m,37,0.3373480292521867,290.61053466796875,25.440635681152344,153.94284057617188
NN-Greedy,small_1m,38,0.4384782620894884,378.7607727050781,56.32280731201172,183.85438537597656
NN-Greedy,small_1m,39,0.27023195776337483,152.56436157226562,52.27897644042969,173.93397521972656
NN-Greedy,small_1m,40,0.16231933028891873,226.62680053710938,23.53025245666504,199.38894653320312
NN-Greedy,small_1m,41,0.5122912139862498,330.29180908203125,84.81809997558594,203.40049743652344
NN-Greedy,small_1m,42,0.47098157579674266,450.2547607421875,60.95756912231445,203.01171875
NN-Greedy,small_1m,43,0.25998572960222677,222.08676147460938,30.38640022277832,153.98602294921875
NN-Greedy,small_1m,44,0.3355005566696606,352.1897888183594,55.5005989074707,166.23147583007812
NN-Greedy,small_1m,45,0.43888883258611644,446.53656005859375,74.31842041015625,216.89842224121094
NN-Greedy,small_1m,46,0.43464178768584333,315.2361145019531,65.36968994140625,194.0654754638672
NN-Greedy,small_1m,47,0.5047597747787471,346.37353515625,72.70150756835938,182.90960693359375
NN-Greedy,small_1m,48,0.4270065524636776,320.99334716796875,82.3646469116211,200.00697326660156
NN-Greedy,small_1m,49,0.46262198924049797,425.34869384765625,78.10264587402344,178.0789031982422
SPT,medium_1m,0,0.4091171322412674,237.60804748535156,392.9216613769531,197.15992736816406
SPT,medium_1m,1,0.35845153810577157,54.820472717285156,339.43023681640625,178.7917938232422
SPT,medium_1m,2,0.39026236938076087,120.97880554199219,364.14935302734375,181.02239990234375
SPT,medium_1m,3,0.2789471354240881,36.021217346191406,262.6803283691406,174.3400421142578
SPT,medium_1m,4,0.459488682872802,435.6214904785156,277.9612121582031,221.6937255859375
SPT,medium_1m,5,0.38996838045275883,152.2032012939453,367.6507263183594,190.1285858154297
SPT,medium_1m,6,0.29922014110158635,121.3600845336914,302.9642333984375,189.10157775878906
SPT,medium_1m,7,0.4470588576193034,331.5747985839844,334.4386291503906,210.24578857421875
SPT,medium_1m,8,0.31139814928920767,76.6852035522461,308.23480224609375,179.4458465576172
SPT,medium_1m,9,0.4574279942457994,469.9539489746094,443.6876525878906,217.8811492919922
SPT,medium_1m,10,0.4045113204205941,371.296142578125,266.02398681640625,214.55068969726562
SPT,medium_1m,11,0.2675648145136479,46.371337890625,265.4012451171875,177.38644409179688
SPT,medium_1m,12,0.3183571010177393,10.156675338745117,295.4366455078125,165.94129943847656
SPT,medium_1m,13,0.42332355266819377,247.56105041503906,320.4607238769531,204.12661743164062
SPT,medium_1m,14,0.44267778296524335,329.52447509765625,364.0055236816406,214.18057250976562
SPT,medium_1m,15,0.4306662081097309,304.7239074707031,342.5640869140625,206.9821319580078
SPT,medium_1m,16,0.3798814176310833,128.88729858398438,341.2081604003906,188.13870239257812
SPT,medium_1m,17,0.3218410221689673,22.964262008666992,311.68304443359375,171.5858612060547
SPT,medium_1m,18,0.4569769894279751,295.66265869140625,302.5876159667969,206.71556091308594
SPT,medium_1m,19,0.4396576309544742,312.0168151855469,327.6202392578125,211.66978454589844
SPT,medium_1m,20,0.3343547800580647,2.319904327392578,348.57208251953125,158.8270263671875
SPT,medium_1m,21,0.43117374238021267,311.095703125,385.07806396484375,211.24395751953125
SPT,medium_1m,22,0.36738911980906036,102.69224548339844,301.1601257324219,183.650634765625
SPT,medium_1m,23,0.35261077758600984,55.45310974121094,326.3249816894531,179.75074768066406
SPT,medium_1m,24,0.36295430740092405,90.72088623046875,268.13165283203125,185.68386840820312
SPT,medium_1m,25,0.21638694807625664,6.4671478271484375,175.23748779296875,167.14724731445312
SPT,medium_1m,26,0.35608099824760325,73.10145568847656,332.98291015625,185.60763549804688
SPT,medium_1m,27,0.3334044984978828,115.9188232421875,328.4951171875,185.62892150878906
SPT,medium_1m,28,0.40431173812288274,205.7259979248047,306.658447265625,197.68234252929688
SPT,medium_1m,29,0.3456991267470782,36.59252166748047,325.4420166015625,176.38473510742188
SPT,medium_1m,30,0.38194556832212406,196.53103637695312,321.7878723144531,197.595458984375
SPT,medium_1m,31,0.3726149300837135,86.82626342773438,282.2914123535156,174.80862426757812
SPT,medium_1m,32,0.314007527700648,139.11705017089844,267.7237243652344,188.66043090820312
SPT,medium_1m,33,0.33775078554872323,8.911663055419922,296.7469177246094,168.84278869628906
SPT,medium_1m,34,0.40510896614547814,487.87799072265625,319.6627502441406,227.10089111328125
SPT,medium_1m,35,0.32662816101260933,91.07203674316406,321.4487609863281,182.34397888183594
SPT,medium_1m,36,0.36292673627794286,76.880859375,293.34271240234375,181.93060302734375
SPT,medium_1m,37,0.3497762208029048,47.99346160888672,344.9834289550781,172.7055206298828
SPT,medium_1m,38,0.39253488020427574,141.58045959472656,245.23399353027344,187.9572296142578
SPT,medium_1m,39,0.40512155678733724,152.9280548095703,303.4132995605469,190.5459747314453
SPT,medium_1m,40,0.3186448903845742,95.29331970214844,265.445068359375,181.46556091308594
SPT,medium_1m,41,0.43726610998423193,327.7009582519531,307.8761291503906,211.24639892578125
SPT,medium_1m,42,0.43485781070320806,310.095703125,293.0740661621094,208.58761596679688
SPT,medium_1m,43,0.3343277931847825,122.11465454101562,382.0113525390625,186.00306701660156
SPT,medium_1m,44,0.419880236622058,226.4122772216797,304.65692138671875,201.62657165527344
SPT,medium_1m,45,0.45659241222799035,509.0640563964844,280.692626953125,229.72274780273438
SPT,medium_1m,46,0.24270413469900493,91.06205749511719,222.54995727539062,184.95172119140625
SPT,medium_1m,47,0.4488803804030165,297.9899597167969,390.5480041503906,208.79595947265625
SPT,medium_1m,48,0.40383302264753407,183.6701202392578,303.3114013671875,191.5440216064453
SPT,medium_1m,49,0.38967294632182836,157.06399536132812,368.1889953613281,194.42759704589844
NN-Greedy,medium_1m,0,0.40673190057487785,1045.1136474609375,86.51966094970703,176.6863555908203
NN-Greedy,medium_1m,1,0.32058943074161383,545.4364013671875,71.96851348876953,163.55819702148438
NN-Greedy,medium_1m,2,0.37102786477684124,644.9293823242188,73.7874755859375,161.9176788330078
NN-Greedy,medium_1m,3,0.27621128382080895,440.722412109375,74.82896423339844,163.59425354003906
NN-Greedy,medium_1m,4,0.319469256188607,804.3109741210938,72.16593170166016,203.92066955566406
NN-Greedy,medium_1m,5,0.26910786809596604,651.1642456054688,29.56865119934082,169.92996215820312
NN-Greedy,medium_1m,6,0.19463994718705524,534.9349365234375,35.037071228027344,171.3977508544922
NN-Greedy,medium_1m,7,0.3086168178882584,758.1741333007812,28.498062133789062,188.02903747558594
NN-Greedy,medium_1m,8,0.3778316352883657,752.817626953125,74.45932006835938,164.44032287597656
NN-Greedy,medium_1m,9,0.28850531597090634,882.6907958984375,73.77359771728516,192.2440185546875
NN-Greedy,medium_1m,10,0.352138546568605,903.6605224609375,83.34757232666016,197.871337890625
NN-Greedy,medium_1m,11,0.31786102428411145,507.9840087890625,87.81175994873047,166.3659210205078
NN-Greedy,medium_1m,12,0.31606481317598456,446.7620849609375,70.2093276977539,152.34616088867188
NN-Greedy,medium_1m,13,0.3741531250584349,783.15625,83.60025787353516,187.17373657226562
NN-Greedy,medium_1m,14,0.2887418583323313,782.7102661132812,31.689279556274414,190.38356018066406
NN-Greedy,medium_1m,15,0.3845094832364145,924.7691650390625,72.306396484375,187.75860595703125
NN-Greedy,medium_1m,16,0.24638904234219167,455.4217529296875,83.84706115722656,171.43051147460938
NN-Greedy,medium_1m,17,0.3175131920932377,771.0735473632812,79.49903869628906,155.73471069335938
NN-Greedy,medium_1m,18,0.36388673121684884,652.3214111328125,82.6893539428711,189.9114227294922
NN-Greedy,medium_1m,19,0.31436693832513174,827.9892578125,31.665292739868164,187.26942443847656
NN-Greedy,medium_1m,20,0.28692156113041295,496.30438232421875,71.52727508544922,142.54244995117188
NN-Greedy,medium_1m,21,0.32692398316698945,827.0882568359375,77.17261505126953,188.82228088378906
NN-Greedy,medium_1m,22,0.23435667718977501,424.0014953613281,84.69698333740234,166.78656005859375
NN-Greedy,medium_1m,23,0.31847470376408454,644.20654296875,92.53852081298828,165.0672607421875
NN-Greedy,medium_1m,24,0.35277850496089486,797.9208984375,74.2070541381836,172.06651306152344
NN-Greedy,medium_1m,25,0.3343035860588779,576.6449584960938,84.55360412597656,159.41116333007812
NN-Greedy,medium_1m,26,0.3430149968318291,759.0311889648438,77.70637512207031,170.59609985351562
NN-Greedy,medium_1m,27,0.23836214057377952,579.9647216796875,76.18633270263672,171.13575744628906
NN-Greedy,medium_1m,28,0.3806987005312724,865.984619140625,75.36589813232422,181.84263610839844
NN-Greedy,medium_1m,29,0.27248380780012144,556.9820556640625,82.26679992675781,159.90699768066406
NN-Greedy,medium_1m,30,0.31069690332750916,708.30224609375,83.74443817138672,180.9659881591797
NN-Greedy,medium_1m,31,0.41567927082901956,712.7111206054688,78.96027374267578,159.80764770507812
NN-Greedy,medium_1m,32,0.2862897051881083,720.818359375,31.194778442382812,172.3729248046875
NN-Greedy,medium_1m,33,0.4285659976177359,672.458740234375,84.77999877929688,155.28598022460938
NN-Greedy,medium_1m,34,0.2672916212396829,863.76123046875,71.50287628173828,209.02224731445312
NN-Greedy,medium_1m,35,0.3563045427295447,848.9134521484375,91.05328369140625,167.82481384277344
NN-Greedy,medium_1m,36,0.3559414069725612,686.7918701171875,80.59095764160156,166.77337646484375
NN-Greedy,medium_1m,37,0.29897774908910874,665.7996215820312,73.3471908569336,154.45896911621094
NN-Greedy,medium_1m,38,0.34295066260067886,605.5223999023438,66.0313491821289,170.8617706298828
NN-Greedy,medium_1m,39,0.3127678664642594,525.7907104492188,60.02910232543945,171.1995086669922
NN-Greedy,medium_1m,40,0.42423952057819514,890.7504272460938,85.27178192138672,167.60289001464844
NN-Greedy,medium_1m,41,0.3646381191799606,847.8115844726562,88.43595886230469,195.4086151123047
NN-Greedy,medium_1m,42,0.4162773116109979,952.7182006835938,91.75563049316406,192.6374053955078
NN-Greedy,medium_1m,43,0.21256525411669813,478.4214782714844,76.28655242919922,168.9423065185547
NN-Greedy,medium_1m,44,0.35273899282311116,669.79052734375,88.38935089111328,185.74884033203125
NN-Greedy,medium_1m,45,0.25385214065692074,825.8317260742188,28.16480255126953,205.34019470214844
NN-Greedy,medium_1m,46,0.4097194744175243,894.7293701171875,81.42462158203125,175.55690002441406
NN-Greedy,medium_1m,47,0.3549876918012884,850.7863159179688,29.397937774658203,183.974609375
NN-Greedy,medium_1m,48,0.3738430587026459,743.401611328125,80.52626037597656,172.5458221435547
NN-Greedy,medium_1m,49,0.3051301784412016,771.5318603515625,31.34537696838379,171.70420837402344
SPT,large_1m,0,0.37534927121815737,504.93408203125,695.2313842773438,193.0360107421875
SPT,large_1m,1,0.4067443454911908,549.45654296875,739.0949096679688,193.2711944580078
SPT,large_1m,2,0.4099830697431541,523.35693359375,819.372314453125,191.6194305419922
SPT,large_1m,3,0.39968267706749916,501.6918640136719,752.4705200195312,191.15846252441406
SPT,large_1m,4,0.3989669809667543,920.3512573242188,868.4090576171875,209.88693237304688
SPT,large_1m,5,0.3648998945544643,426.46783447265625,742.0791625976562,184.52423095703125
SPT,large_1m,6,0.40913691470706137,592.4906005859375,982.123046875,195.6456298828125
SPT,large_1m,7,0.3331444967377688,381.45831298828125,637.9591674804688,185.37109375
SPT,large_1m,8,0.3691912450349587,192.6604461669922,665.8452758789062,174.27835083007812
SPT,large_1m,9,0.36004436096307463,725.9652099609375,697.7614135742188,201.61122131347656
SPT,large_1m,10,0.40060669063006726,491.9831848144531,642.5121459960938,189.1161651611328
SPT,large_1m,11,0.37474899641965376,297.06396484375,899.7012939453125,180.21592712402344
SPT,large_1m,12,0.3545061209618026,520.8656616210938,722.1783447265625,190.65496826171875
SPT,large_1m,13,0.42648838207055306,728.4056396484375,708.0394897460938,203.30201721191406
SPT,large_1m,14,0.43624173431035235,826.7488403320312,848.6085815429688,206.7053680419922
SPT,large_1m,15,0.33713948811316474,403.1957702636719,715.16162109375,187.42507934570312
SPT,large_1m,16,0.4329183162490309,755.7465209960938,916.5081787109375,201.22015380859375
SPT,large_1m,17,0.2896763994408358,255.92515563964844,692.88671875,178.85125732421875
SPT,large_1m,18,0.34291131658336094,280.50439453125,702.7368774414062,182.71043395996094
SPT,large_1m,19,0.4184886855489661,541.31005859375,761.322265625,193.5573272705078
SPT,large_1m,20,0.3486606530079694,109.77335357666016,725.6533203125,172.2447052001953
SPT,large_1m,21,0.3849204593128359,448.63330078125,774.43310546875,187.4385986328125
SPT,large_1m,22,0.3964073649247413,408.7920227050781,740.7735595703125,189.1763458251953
SPT,large_1m,23,0.43112860539661135,637.9832153320312,856.3250732421875,198.6737823486328
SPT,large_1m,24,0.3840448716343214,286.2130126953125,767.9328002929688,184.41519165039062
SPT,large_1m,25,0.3444821151248418,71.2957763671875,766.0111694335938,169.77511596679688
SPT,large_1m,26,0.3887290013880399,350.99896240234375,687.674072265625,186.9232177734375
SPT,large_1m,27,0.39030335060205473,412.75494384765625,765.2850341796875,189.70327758789062
SPT,large_1m,28,0.39315582326787024,722.562255859375,832.3370361328125,203.1829071044922
SPT,large_1m,29,0.3967445935342899,478.1554870605469,981.68359375,187.96437072753906
SPT,large_1m,30,0.3925161083766224,487.8324890136719,683.1177978515625,190.59129333496094
SPT,large_1m,31,0.4187969153546374,593.7445068359375,733.442138671875,192.50851440429688
SPT,large_1m,32,0.42138976470017253,609.0614624023438,808.1373901367188,197.00961303710938
SPT,large_1m,33,0.36146938104950166,418.7308349609375,721.4749755859375,187.13632202148438
SPT,large_1m,34,0.39606120959985724,637.5079345703125,836.8900756835938,198.33856201171875
SPT,large_1m,35,0.3665610166369607,213.64752197265625,791.481689453125,180.1004638671875
SPT,large_1m,36,0.3807688525727123,269.1745910644531,782.442626953125,180.26904296875
SPT,large_1m,37,0.37005163813789754,244.74609375,770.5330200195312,177.48358154296875
SPT,large_1m,38,0.3627966002759177,187.06283569335938,710.9332275390625,179.18898010253906
SPT,large_1m,39,0.3721621105739468,524.7884521484375,709.0244140625,192.580322265625
SPT,large_1m,40,0.3260698567681941,35.49845504760742,782.51025390625,165.85391235351562
SPT,large_1m,41,0.458479631055977,926.3243408203125,923.9988403320312,209.54444885253906
SPT,large_1m,42,0.4282927378312209,708.6611938476562,764.0444946289062,199.1277313232422
SPT,large_1m,43,0.3101699698213249,176.35939025878906,860.6805419921875,175.613037109375
SPT,large_1m,44,0.431246033069024,667.673583984375,728.0294189453125,199.1023406982422
SPT,large_1m,45,0.4298922146257186,696.86865234375,855.9138793945312,199.71726989746094
SPT,large_1m,46,0.3833359377586198,316.0397644042969,769.821533203125,185.2066650390625
SPT,large_1m,47,0.3594594867770798,688.498779296875,706.1729736328125,204.48822021484375
SPT,large_1m,48,0.3779703412933653,292.3927917480469,877.659912109375,183.083251953125
SPT,large_1m,49,0.41743701629645125,554.6625366210938,898.6753540039062,192.7800750732422
NN-Greedy,large_1m,0,0.31974465220057036,1997.5025634765625,102.1409683227539,177.06263732910156
NN-Greedy,large_1m,1,0.35232499292494546,1965.135009765625,102.55180358886719,175.4998016357422
NN-Greedy,large_1m,2,0.32944645382142795,2007.6961669921875,87.02611541748047,170.64537048339844
NN-Greedy,large_1m,3,0.30251324342308317,2007.6016845703125,83.53673553466797,173.01654052734375
NN-Greedy,large_1m,4,0.2848824000697184,2213.587646484375,44.90769577026367,187.2711639404297
NN-Greedy,large_1m,5,0.2909699648077006,1897.7220458984375,88.8483657836914,167.0582275390625
NN-Greedy,large_1m,6,0.2855556997551439,2013.071044921875,82.5049819946289,172.23196411132812
NN-Greedy,large_1m,7,0.3339969108433766,2152.4208984375,84.12718200683594,169.20274353027344
NN-Greedy,large_1m,8,0.37524186268634635,1667.53369140625,84.38570404052734,157.96237182617188
NN-Greedy,large_1m,9,0.3630674912766421,2448.08154296875,88.89188385009766,184.36143493652344
NN-Greedy,large_1m,10,0.34543017140199034,2194.2685546875,87.4865951538086,172.44161987304688
NN-Greedy,large_1m,11,0.27175804714981505,1831.6136474609375,44.26694107055664,159.91738891601562
NN-Greedy,large_1m,12,0.3025161426365095,2116.15380859375,87.55714416503906,173.45361328125
NN-Greedy,large_1m,13,0.2743274220841383,1796.1365966796875,94.78105163574219,184.43624877929688
NN-Greedy,large_1m,14,0.33468432654166835,2214.478759765625,96.07852172851562,186.73922729492188
NN-Greedy,large_1m,15,0.2952246574665049,2109.964111328125,95.60462951660156,171.14598083496094
NN-Greedy,large_1m,16,0.2901959888289225,2090.396484375,40.538204193115234,176.6031036376953
NN-Greedy,large_1m,17,0.2946632541919691,1900.0809326171875,96.8992691040039,162.64369201660156
NN-Greedy,large_1m,18,0.2839190611866663,1583.9923095703125,87.19468688964844,165.7679901123047
NN-Greedy,large_1m,19,0.28354438972205287,1556.8360595703125,88.23680877685547,175.1638641357422
NN-Greedy,large_1m,20,0.3302297819346665,1886.11328125,93.89034271240234,155.76182556152344
NN-Greedy,large_1m,21,0.21948305719933422,1579.2135009765625,82.70507049560547,168.05712890625
NN-Greedy,large_1m,22,0.31998382667437325,1780.8197021484375,100.48128509521484,170.9875030517578
NN-Greedy,large_1m,23,0.31839245400442207,1837.9609375,94.16529083251953,176.17909240722656
NN-Greedy,large_1m,24,0.3188975572468393,1599.3310546875,81.845458984375,166.53480529785156
NN-Greedy,large_1m,25,0.2627051365267461,1565.6925048828125,41.07059860229492,152.87620544433594
NN-Greedy,large_1m,26,0.3199920715171789,1745.110107421875,91.9566650390625,170.30874633789062
NN-Greedy,large_1m,27,0.33990746111052156,2015.1453857421875,43.15909957885742,169.7772216796875
NN-Greedy,large_1m,28,0.28915746890079086,1968.1280517578125,99.85005950927734,182.07232666015625
NN-Greedy,large_1m,29,0.25018252845759464,1644.3955078125,94.5617904663086,167.0076446533203
NN-Greedy,large_1m,30,0.24501712163534958,1684.8387451171875,83.23685455322266,171.46531677246094
NN-Greedy,large_1m,31,0.35421602300377447,2181.21826171875,88.5663833618164,172.04945373535156
NN-Greedy,large_1m,32,0.3601765269375622,2216.009521484375,96.47212219238281,176.81524658203125
NN-Greedy,large_1m,33,0.30045724465972484,2215.234619140625,92.36764526367188,168.96759033203125
NN-Greedy,large_1m,34,0.3412263577743959,2235.1640625,90.93806457519531,177.75839233398438
NN-Greedy,large_1m,35,0.29340492407719154,1627.750732421875,95.5662612915039,163.07899475097656
NN-Greedy,large_1m,36,0.35789943973955696,1806.350830078125,92.89254760742188,162.457275390625
NN-Greedy,large_1m,37,0.3225734586791793,1892.345703125,89.39459991455078,160.1576690673828
NN-Greedy,large_1m,38,0.3705913718026605,2064.615234375,96.83948516845703,163.8675079345703
NN-Greedy,large_1m,39,0.25697394380520144,1713.966552734375,83.11941528320312,174.7370147705078
NN-Greedy,large_1m,40,0.2962109381450898,1261.3936767578125,87.77582550048828,148.94613647460938
NN-Greedy,large_1m,41,0.3290009994144438,2189.978515625,91.85062408447266,187.4123077392578
NN-Greedy,large_1m,42,0.3695638270861817,2487.593505859375,83.04512786865234,178.7693328857422
NN-Greedy,large_1m,43,0.3039315896253853,1770.836181640625,85.7128677368164,157.12713623046875
NN-Greedy,large_1m,44,0.3501812869787563,2088.184814453125,95.99960327148438,179.61880493164062
NN-Greedy,large_1m,45,0.3426453125811296,2192.327880859375,99.81830596923828,177.1392059326172
NN-Greedy,large_1m,46,0.3253667029554485,1807.9443359375,90.80966186523438,167.1036376953125
NN-Greedy,large_1m,47,0.26606589334988384,1873.8154296875,90.57875061035156,185.7620849609375
NN-Greedy,large_1m,48,0.2703488199906514,1524.333740234375,99.11151885986328,163.56935119628906
NN-Greedy,large_1m,49,0.3665401897337369,2198.328369140625,89.52655029296875,171.77896118164062
SPT,xlarge_1m,0,0.41646055916526065,1497.3504638671875,1686.8863525390625,202.34414672851562
SPT,xlarge_1m,1,0.39960721142927697,1083.613037109375,1465.2994384765625,190.7064208984375
SPT,xlarge_1m,2,0.3800424110549588,728.3749389648438,1564.914306640625,182.72689819335938
SPT,xlarge_1m,3,0.4096849632722542,1104.843017578125,1550.624755859375,191.54873657226562
SPT,xlarge_1m,4,0.4314061680727892,1503.6473388671875,1689.6654052734375,201.34829711914062
SPT,xlarge_1m,5,0.4093637548163318,1145.484130859375,1592.4173583984375,194.39036560058594
SPT,xlarge_1m,6,0.43738908094583107,1451.35986328125,1686.16552734375,200.53358459472656
SPT,xlarge_1m,7,0.4066193099700266,983.1962890625,1868.3370361328125,187.4056396484375
SPT,xlarge_1m,8,0.3638313465180686,525.3080444335938,1571.308837890625,177.62953186035156
SPT,xlarge_1m,9,0.41262754042815747,1443.679931640625,1581.7989501953125,199.66452026367188
SPT,xlarge_1m,10,0.3857948045767053,831.7322998046875,1550.6390380859375,187.47560119628906
SPT,xlarge_1m,11,0.3807537747002404,599.8507080078125,1756.5181884765625,178.4661102294922
SPT,xlarge_1m,12,0.41068157611855605,1193.8323974609375,1584.9285888671875,197.6453094482422
SPT,xlarge_1m,13,0.42236438709942553,1506.338134765625,1560.972900390625,201.7608642578125
SPT,xlarge_1m,14,0.42431301042046776,1326.477294921875,1632.915771484375,195.45726013183594
SPT,xlarge_1m,15,0.4192109142898828,1297.932373046875,1692.98095703125,195.47767639160156
SPT,xlarge_1m,16,0.41869441169036603,1286.4114990234375,1673.921630859375,197.03912353515625
SPT,xlarge_1m,17,0.3950942942904144,728.247314453125,1548.9625244140625,180.8722686767578
SPT,xlarge_1m,18,0.4035196714702989,1010.4772338867188,1861.862060546875,192.38174438476562
SPT,xlarge_1m,19,0.3403365602635572,936.470458984375,1192.4793701171875,189.15859985351562
SPT,xlarge_1m,20,0.37033027154328185,467.3569030761719,1501.8564453125,178.43763732910156
SPT,xlarge_1m,21,0.37635149846134264,1032.1097412109375,1628.85205078125,190.28172302246094
SPT,xlarge_1m,22,0.42812102512525546,1338.0299072265625,1607.9129638671875,198.2176971435547
SPT,xlarge_1m,23,0.3999165706508888,1098.886474609375,1587.3670654296875,192.40614318847656
SPT,xlarge_1m,24,0.3798511530102517,879.3215942382812,1553.3458251953125,187.4099884033203
SPT,xlarge_1m,25,0.3797755366969503,566.9954223632812,1740.84033203125,178.26583862304688
SPT,xlarge_1m,26,0.3993218758431813,948.9274291992188,1527.64404296875,190.51914978027344
SPT,xlarge_1m,27,0.375724659111634,1100.457275390625,1382.4483642578125,191.59796142578125
SPT,xlarge_1m,28,0.3977275791136954,1550.745361328125,1456.353271484375,203.21861267089844
SPT,xlarge_1m,29,0.3706197103879041,704.2022705078125,1508.39599609375,182.72427368164062
SPT,xlarge_1m,30,0.4212712880725999,1169.6165771484375,1791.258544921875,193.7041778564453
SPT,xlarge_1m,31,0.40275431446660226,1231.008544921875,1554.9859619140625,194.76385498046875
SPT,xlarge_1m,32,0.4154762714923466,1294.260498046875,1544.9796142578125,196.54705810546875
SPT,xlarge_1m,33,0.3938090109188416,828.2423095703125,1458.9661865234375,185.96697998046875
SPT,xlarge_1m,34,0.4156058488436206,1211.3446044921875,1694.778076171875,195.35885620117188
SPT,xlarge_1m,35,0.3968091740788963,833.9013671875,1586.7872314453125,184.27072143554688
SPT,xlarge_1m,36,0.38277368156060115,641.3433837890625,1536.78076171875,183.2890625
SPT,xlarge_1m,37,0.388573437897338,653.1138305664062,1607.1441650390625,180.65234375
SPT,xlarge_1m,38,0.3600365441537959,434.06597900390625,1643.97509765625,174.7225799560547
SPT,xlarge_1m,39,0.41735916685292906,1169.741943359375,1418.829345703125,195.2935333251953
SPT,xlarge_1m,40,0.38025752957985104,641.2603149414062,1711.4354248046875,180.0418701171875
SPT,xlarge_1m,41,0.4463643321299092,1603.6414794921875,1770.0316162109375,204.29652404785156
SPT,xlarge_1m,42,0.3771824113267072,756.0091552734375,1483.8134765625,185.7183380126953
SPT,xlarge_1m,43,0.409313434535577,1003.6967163085938,1615.0731201171875,189.93479919433594
SPT,xlarge_1m,44,0.42064996701946067,1340.888671875,1743.638427734375,198.0347900390625
SPT,xlarge_1m,45,0.38120002000655256,916.8500366210938,1460.9283447265625,188.11293029785156
SPT,xlarge_1m,46,0.3972473342980416,839.2802124023438,1534.174072265625,185.28253173828125
SPT,xlarge_1m,47,0.41716476717548656,1273.8951416015625,1684.2464599609375,198.03985595703125
SPT,xlarge_1m,48,0.3917947988002012,837.4533081054688,1469.437744140625,185.37403869628906
SPT,xlarge_1m,49,0.4047314147870015,995.7615356445312,1657.03173828125,190.05633544921875
NN-Greedy,xlarge_1m,0,0.28915113405231935,4205.61767578125,99.96197509765625,180.7201690673828
NN-Greedy,xlarge_1m,1,0.35400624513459633,4560.5537109375,98.42584991455078,172.39256286621094
NN-Greedy,xlarge_1m,2,0.273595780908846,3347.791015625,53.86238098144531,163.8601531982422
NN-Greedy,xlarge_1m,3,0.301869301779435,4049.8447265625,102.33869934082031,171.43759155273438
NN-Greedy,xlarge_1m,4,0.25606684609754754,3631.77197265625,97.27763366699219,178.324462890625
NN-Greedy,xlarge_1m,5,0.28465850696293743,3951.11865234375,107.04273223876953,174.08770751953125
NN-Greedy,xlarge_1m,6,0.3235302939052965,4251.9951171875,94.50299835205078,178.2850799560547
NN-Greedy,xlarge_1m,7,0.3220285762849149,4077.82275390625,101.30376434326172,165.4666290283203
NN-Greedy,xlarge_1m,8,0.2686959035506482,3428.09033203125,97.80430603027344,157.97210693359375
NN-Greedy,xlarge_1m,9,0.3004207261173486,4321.81396484375,102.5003890991211,177.72630310058594
NN-Greedy,xlarge_1m,10,0.29960456408046054,3429.182861328125,107.51962280273438,168.2151641845703
NN-Greedy,xlarge_1m,11,0.30665546541023214,3637.916748046875,100.46165466308594,158.2698516845703
NN-Greedy,xlarge_1m,12,0.25012572394179966,3697.401123046875,50.26567077636719,176.14547729492188
NN-Greedy,xlarge_1m,13,0.24817822871037903,3839.196533203125,99.58331298828125,180.2412872314453
NN-Greedy,xlarge_1m,14,0.29502117435589403,4155.85302734375,48.89865493774414,172.9976043701172
NN-Greedy,xlarge_1m,15,0.3075434827077245,4364.33544921875,95.37042236328125,173.3350067138672
NN-Greedy,xlarge_1m,16,0.2680763770536635,3752.97705078125,95.63427734375,174.36221313476562
NN-Greedy,xlarge_1m,17,0.3302480752559965,3625.84033203125,105.71199798583984,161.40748596191406
NN-Greedy,xlarge_1m,18,0.26934477253586053,3619.22705078125,100.30770874023438,170.2443389892578
NN-Greedy,xlarge_1m,19,0.2911220437667982,4041.5595703125,55.98863220214844,172.79844665527344
NN-Greedy,xlarge_1m,20,0.3174017455564166,3720.525634765625,103.07502746582031,161.00216674804688
NN-Greedy,xlarge_1m,21,0.26674057764595904,3839.444091796875,105.5228500366211,169.8339080810547
NN-Greedy,xlarge_1m,22,0.31164101331841054,4116.77978515625,96.49044036865234,177.0663604736328
NN-Greedy,xlarge_1m,23,0.2554690541167528,3680.31396484375,97.4955825805664,172.7962188720703
NN-Greedy,xlarge_1m,24,0.27958065589039705,3912.218017578125,99.78841400146484,168.66949462890625
NN-Greedy,xlarge_1m,25,0.343129001920908,4069.54150390625,51.158084869384766,157.69732666015625
NN-Greedy,xlarge_1m,26,0.2752634683826308,3608.180419921875,95.60140991210938,170.69496154785156
NN-Greedy,xlarge_1m,27,0.34614658388405295,4675.8720703125,101.72412872314453,173.3784942626953
NN-Greedy,xlarge_1m,28,0.2902509078492543,4682.431640625,50.54661178588867,182.42434692382812
NN-Greedy,xlarge_1m,29,0.3169682426351304,3872.977783203125,107.65753173828125,164.14627075195312
NN-Greedy,xlarge_1m,30,0.29041041520516186,3582.285400390625,113.25376892089844,171.043701171875
NN-Greedy,xlarge_1m,31,0.30747193062991485,4216.0478515625,108.39466857910156,175.2078399658203
NN-Greedy,xlarge_1m,32,0.29918306337205314,4364.67138671875,102.75707244873047,176.13619995117188
NN-Greedy,xlarge_1m,33,0.33153826330647096,4212.03076171875,104.99687957763672,167.78472900390625
NN-Greedy,xlarge_1m,34,0.28358215906929246,3891.460693359375,98.02904510498047,173.12628173828125
NN-Greedy,xlarge_1m,35,0.3217607811088694,3953.818359375,99.01359558105469,164.19639587402344
NN-Greedy,xlarge_1m,36,0.30435171167510794,3677.2978515625,96.23390197753906,165.1787567138672
NN-Greedy,xlarge_1m,37,0.34007554280019825,3781.405517578125,97.61370086669922,161.58151245117188
NN-Greedy,xlarge_1m,38,0.260908620066903,3480.898193359375,49.146400451660156,155.89039611816406
NN-Greedy,xlarge_1m,39,0.3508797390381941,4039.9658203125,89.33772277832031,174.51437377929688
NN-Greedy,xlarge_1m,40,0.2731068170966837,3480.057373046875,94.7472915649414,160.31649780273438
NN-Greedy,xlarge_1m,41,0.30842855657933943,4092.87109375,105.9194107055664,180.5692138671875
NN-Greedy,xlarge_1m,42,0.2932065309837627,3380.231689453125,103.3232421875,166.32745361328125
NN-Greedy,xlarge_1m,43,0.3275326593395797,3833.76904296875,106.38675689697266,170.412353515625
NN-Greedy,xlarge_1m,44,0.29781353270210525,4257.10107421875,107.74417877197266,175.71412658691406
NN-Greedy,xlarge_1m,45,0.2945078052142913,4142.00048828125,49.09809875488281,168.60728454589844
NN-Greedy,xlarge_1m,46,0.2738229760783658,3334.464111328125,91.55502319335938,165.705810546875
NN-Greedy,xlarge_1m,47,0.2974379177459531,4235.60498046875,94.51018524169922,176.1848907470703
NN-Greedy,xlarge_1m,48,0.33354102991869927,4230.20947265625,105.92436218261719,166.3359832763672
NN-Greedy,xlarge_1m,49,0.2964495901906621,3858.663330078125,98.30718231201172,168.5086669921875
SPT,medium_3m,0,0.4577874600172923,354.7311096191406,321.6913146972656,201.06405639648438
SPT,medium_3m,1,0.4062214761176678,227.96295166015625,335.4075927734375,187.72247314453125
SPT,medium_3m,2,0.44821894352352265,271.1408386230469,351.2685852050781,193.63290405273438
SPT,medium_3m,3,0.47343401120108614,302.86773681640625,425.4617614746094,205.7293701171875
SPT,medium_3m,4,0.3553914817586156,552.6592407226562,182.121826171875,227.6377716064453
SPT,medium_3m,5,0.3076044286132603,245.48095703125,264.5276184082031,199.62181091308594
SPT,medium_3m,6,0.42238436491554804,256.4953918457031,244.5707550048828,197.17929077148438
SPT,medium_3m,7,0.5214266675013494,510.5520324707031,306.39996337890625,224.23696899414062
SPT,medium_3m,8,0.4434944167001894,217.82025146484375,278.82745361328125,200.85748291015625
SPT,medium_3m,9,0.496785911699232,549.066162109375,341.25531005859375,221.72471618652344
SPT,medium_3m,10,0.4999572785809082,547.04345703125,230.41957092285156,231.42733764648438
SPT,medium_3m,11,0.407361112497463,230.85484313964844,334.5904541015625,187.9182891845703
SPT,medium_3m,12,0.3514982893326613,72.0068130493164,287.2812194824219,185.92816162109375
SPT,medium_3m,13,0.44824913486802526,423.1252136230469,301.4235534667969,215.45156860351562
SPT,medium_3m,14,0.44801864696570703,470.08831787109375,234.03363037109375,223.4992218017578
SPT,medium_3m,15,0.47423107112997964,524.8760986328125,334.195556640625,221.94981384277344
SPT,medium_3m,16,0.4435873490669314,257.6413269042969,289.623046875,201.65672302246094
SPT,medium_3m,17,0.3826913338385138,124.2895278930664,247.60084533691406,188.06857299804688
SPT,medium_3m,18,0.5043284312598629,473.9840087890625,275.6317138671875,217.43975830078125
SPT,medium_3m,19,0.4271378833714174,437.4100341796875,220.59710693359375,227.0481414794922
SPT,medium_3m,20,0.37402134826897815,57.636985778808594,346.0877685546875,176.56011962890625
SPT,medium_3m,21,0.406128746116553,420.1195983886719,252.89614868164062,217.51869201660156
SPT,medium_3m,22,0.41993464052287577,182.743896484375,200.32293701171875,200.03819274902344
SPT,medium_3m,23,0.4232133925760689,257.62347412109375,337.22406005859375,197.21109008789062
SPT,medium_3m,24,0.43239490971861566,254.50906372070312,241.55374145507812,199.98623657226562
SPT,medium_3m,25,0.2805004483963769,113.99898529052734,159.16253662109375,177.85791015625
SPT,medium_3m,26,0.454679298182757,293.2077941894531,352.431640625,201.06576538085938
SPT,medium_3m,27,0.4341259061713022,276.9796142578125,331.599365234375,193.9466552734375
SPT,medium_3m,28,0.4383300705959505,374.46441650390625,302.98651123046875,207.76333618164062
SPT,medium_3m,29,0.4014570960185381,175.7477569580078,331.8807067871094,191.85470581054688
SPT,medium_3m,30,0.4648412902492547,374.0164794921875,322.6043395996094,214.24658203125
SPT,medium_3m,31,0.41760371240792243,209.59107971191406,236.76661682128906,196.76519775390625
SPT,medium_3m,32,0.42037385544768024,322.6235046386719,316.4801330566406,215.298095703125
SPT,medium_3m,33,0.26424186908658803,72.98222351074219,215.74176025390625,174.0106964111328
SPT,medium_3m,34,0.44900735360031274,680.416259765625,348.07916259765625,245.12857055664062
SPT,medium_3m,35,0.4420579544217944,310.4549865722656,378.2264099121094,196.2665252685547
SPT,medium_3m,36,0.42425699032367137,231.1313934326172,280.0585021972656,194.97805786132812
SPT,medium_3m,37,0.39331905342439283,125.66484069824219,269.6454772949219,186.859375
SPT,medium_3m,38,0.4302494166826999,307.8789367675781,236.73648071289062,200.03277587890625
SPT,medium_3m,39,0.4787644692772688,308.8625793457031,271.263427734375,204.24525451660156
SPT,medium_3m,40,0.4206675706600325,256.5832824707031,262.0109558105469,209.63482666015625
SPT,medium_3m,41,0.45855243232960774,573.8181762695312,318.99212646484375,233.43922424316406
SPT,medium_3m,42,0.363247117664664,424.59521484375,199.94381713867188,216.42092895507812
SPT,medium_3m,43,0.42606965792300877,287.5357666015625,404.72259521484375,207.02333068847656
SPT,medium_3m,44,0.4363392213511551,404.900390625,299.5912170410156,212.8144989013672
SPT,medium_3m,45,0.4942730966116356,621.6868286132812,196.09922790527344,243.80224609375
SPT,medium_3m,46,0.45745829488725115,296.7892150878906,265.102783203125,205.62205505371094
SPT,medium_3m,47,0.44225353462642214,425.1750183105469,310.721435546875,224.41004943847656
SPT,medium_3m,48,0.4669806694914489,311.6718444824219,270.2688293457031,204.4921875
SPT,medium_3m,49,0.36588804352920834,227.01185607910156,238.00009155273438,197.42724609375
NN-Greedy,medium_3m,0,0.19320801034275412,407.0955810546875,48.62263870239258,181.53656005859375
NN-Greedy,medium_3m,1,0.2838038014868735,568.0399780273438,102.81636810302734,172.8887176513672
NN-Greedy,medium_3m,2,0.41791172316479286,614.5344848632812,166.00193786621094,187.45462036132812
NN-Greedy,medium_3m,3,0.3965318225858256,530.4274291992188,192.94668579101562,186.252685546875
NN-Greedy,medium_3m,4,0.2790346681208857,880.7400512695312,56.7845458984375,227.19395446777344
NN-Greedy,medium_3m,5,0.27224771039584106,769.1419067382812,51.96846008300781,181.3094024658203
NN-Greedy,medium_3m,6,0.2941279998341896,610.406494140625,60.314659118652344,188.59971618652344
NN-Greedy,medium_3m,7,0.3307616235255032,753.4039916992188,48.90032196044922,205.66867065429688
NN-Greedy,medium_3m,8,0.4671788185418061,596.0389404296875,138.6354522705078,176.9606170654297
NN-Greedy,medium_3m,9,0.269966974023372,702.781494140625,62.19846725463867,207.5115509033203
NN-Greedy,medium_3m,10,0.33255172372094005,676.5839233398438,87.4242172241211,214.91876220703125
NN-Greedy,medium_3m,11,0.3481313198137047,637.1702270507812,144.35353088378906,181.9048614501953
NN-Greedy,medium_3m,12,0.42142618202521587,567.188720703125,155.27603149414062,178.7040557861328
NN-Greedy,medium_3m,13,0.3404892500458153,617.0023803710938,156.3653106689453,199.20867919921875
NN-Greedy,medium_3m,14,0.32805794833478097,684.28515625,59.406463623046875,196.77731323242188
NN-Greedy,medium_3m,15,0.3872534301486774,825.9574584960938,165.9615936279297,205.24478149414062
NN-Greedy,medium_3m,16,0.4602911205518963,555.3999633789062,193.42369079589844,196.47010803222656
NN-Greedy,medium_3m,17,0.33257335255261933,480.492919921875,96.31380462646484,162.94943237304688
NN-Greedy,medium_3m,18,0.45291880037259136,666.5860595703125,175.66587829589844,203.95346069335938
NN-Greedy,medium_3m,19,0.3618731868772713,862.6558227539062,44.043846130371094,196.24465942382812
NN-Greedy,medium_3m,20,0.4868856485362978,472.1864318847656,159.427734375,156.1968231201172
NN-Greedy,medium_3m,21,0.3121712228633585,882.8324584960938,44.571136474609375,211.10638427734375
NN-Greedy,medium_3m,22,0.5347932683320775,497.89947509765625,179.59442138671875,178.5825653076172
NN-Greedy,medium_3m,23,0.38419625622079157,556.0093383789062,180.35414123535156,182.91433715820312
NN-Greedy,medium_3m,24,0.49069991912280825,533.2186279296875,205.193115234375,193.40513610839844
NN-Greedy,medium_3m,25,0.448829818862984,582.5400390625,165.5810089111328,188.18019104003906
NN-Greedy,medium_3m,26,0.4721801042321042,723.4651489257812,182.66812133789062,197.0782928466797
NN-Greedy,medium_3m,27,0.39757571738675623,571.84765625,188.49533081054688,182.2723388671875
NN-Greedy,medium_3m,28,0.37909877487768684,641.6302490234375,181.05650329589844,200.73854064941406
NN-Greedy,medium_3m,29,0.4169220553534858,729.091796875,133.72445678710938,182.88381958007812
NN-Greedy,medium_3m,30,0.3866928770421481,682.1005249023438,142.13250732421875,190.1845245361328
NN-Greedy,medium_3m,31,0.2561618960247465,484.750244140625,43.511653900146484,175.19891357421875
NN-Greedy,medium_3m,32,0.2715502556098298,767.7324829101562,61.1666374206543,180.4142303466797
NN-Greedy,medium_3m,33,0.46502572991151914,680.192138671875,141.09384155273438,165.094482421875
NN-Greedy,medium_3m,34,0.24725168003144327,751.3018188476562,79.20210266113281,216.9310302734375
NN-Greedy,medium_3m,35,0.47448966076079835,874.5517578125,190.86709594726562,177.42889404296875
NN-Greedy,medium_3m,36,0.31733453642906434,449.8193359375,117.94576263427734,192.31459045410156
NN-Greedy,medium_3m,37,0.4791699509771328,670.3052368164062,128.78416442871094,165.54258728027344
NN-Greedy,medium_3m,38,0.35048586931128556,645.7549438476562,104.55066680908203,182.06292724609375
NN-Greedy,medium_3m,39,0.4077726590202626,564.4232788085938,115.56483459472656,197.30987548828125
NN-Greedy,medium_3m,40,0.4584792518794465,867.7763671875,128.21051025390625,178.66470336914062
NN-Greedy,medium_3m,41,0.38494903374963596,950.837158203125,129.51858520507812,208.4254608154297
NN-Greedy,medium_3m,42,0.2695301538025669,719.5702514648438,52.546817779541016,204.49685668945312
NN-Greedy,medium_3m,43,0.31728318389529997,531.390869140625,177.1452178955078,189.76663208007812
NN-Greedy,medium_3m,44,0.2740164052630826,716.4655151367188,82.46153259277344,204.7723388671875
NN-Greedy,medium_3m,45,0.29417666633001954,841.4966430664062,44.90678024291992,218.0211639404297
NN-Greedy,medium_3m,46,0.3774077926625704,594.254150390625,102.49557495117188,193.62863159179688
NN-Greedy,medium_3m,47,0.2794589024070992,715.7494506835938,89.58110046386719,193.10009765625
NN-Greedy,medium_3m,48,0.47440963656708296,777.3489379882812,114.38558197021484,188.45724487304688
NN-Greedy,medium_3m,49,0.3124736331114887,694.574462890625,53.419822692871094,187.89205932617188
SPT,large_5m,0,0.40452554518125683,889.7925415039062,707.0034790039062,202.14007568359375
SPT,large_5m,1,0.49014480550367645,894.2383422851562,735.3037109375,206.2121124267578
SPT,large_5m,2,0.42110361208637725,798.3980102539062,683.2870483398438,193.7686004638672
SPT,large_5m,3,0.4406453824540284,845.122314453125,754.6399536132812,204.31817626953125
SPT,large_5m,4,0.4662775361573151,1280.2401123046875,915.322021484375,220.23794555664062
SPT,large_5m,5,0.4107301322933683,713.1091918945312,745.0716552734375,193.35755920410156
SPT,large_5m,6,0.45652551973177224,889.2760009765625,854.5755615234375,201.4459686279297
SPT,large_5m,7,0.4419289524584028,784.0038452148438,745.3756103515625,198.03262329101562
SPT,large_5m,8,0.4117528240435161,526.80517578125,665.3785400390625,186.97964477539062
SPT,large_5m,9,0.4702660406201502,1146.880859375,794.7967529296875,218.70130920410156
SPT,large_5m,10,0.3517739226441154,725.1797485351562,563.8648071289062,197.3368377685547
SPT,large_5m,11,0.4209480075876836,576.7164916992188,862.3575439453125,197.16099548339844
SPT,large_5m,12,0.43590254147321617,917.4616088867188,747.6341552734375,206.386962890625
SPT,large_5m,13,0.4808690339098352,1118.4239501953125,736.9757080078125,213.5172576904297
SPT,large_5m,14,0.46434745926828036,1203.7642822265625,824.6007080078125,211.62359619140625
SPT,large_5m,15,0.4638317139178266,790.6924438476562,733.6973876953125,200.06785583496094
SPT,large_5m,16,0.47575586815142745,998.9656372070312,793.0087890625,208.38914489746094
SPT,large_5m,17,0.4047487299626864,541.833740234375,645.1276245117188,187.54380798339844
SPT,large_5m,18,0.43058437088579876,577.0698852539062,719.870361328125,195.30258178710938
SPT,large_5m,19,0.4423551526386016,888.919677734375,775.197998046875,205.55519104003906
SPT,large_5m,20,0.3529160513517148,310.3880615234375,595.3474731445312,183.7599639892578
SPT,large_5m,21,0.43767232020288716,751.63916015625,689.8276977539062,190.75291442871094
SPT,large_5m,22,0.37541104757813987,718.5526123046875,620.800048828125,200.47164916992188
SPT,large_5m,23,0.44401594316156434,832.245361328125,624.63916015625,199.59054565429688
SPT,large_5m,24,0.3848470653566886,656.6757202148438,706.4834594726562,194.21011352539062
SPT,large_5m,25,0.410964480151564,442.8931884765625,846.4634399414062,179.1090850830078
SPT,large_5m,26,0.4180300855804956,719.5501708984375,693.2830810546875,197.0988006591797
SPT,large_5m,27,0.4376482198158043,775.6820068359375,755.0947265625,198.29464721679688
SPT,large_5m,28,0.4445129193167965,953.2850952148438,586.6969604492188,212.0297393798828
SPT,large_5m,29,0.40380476350136313,682.7251586914062,878.0671997070312,196.33062744140625
SPT,large_5m,30,0.4160022316121851,721.1768188476562,604.244140625,196.99253845214844
SPT,large_5m,31,0.4315752239909124,773.683349609375,578.0662841796875,195.23243713378906
SPT,large_5m,32,0.43541039124525316,892.9564208984375,717.5256958007812,206.85227966308594
SPT,large_5m,33,0.4223256844456583,755.286376953125,667.1993408203125,197.1021270751953
SPT,large_5m,34,0.34210954250697095,852.0425415039062,582.1630249023438,210.57122802734375
SPT,large_5m,35,0.3415363924166641,541.533935546875,718.5210571289062,193.9614715576172
SPT,large_5m,36,0.40890055352145477,511.8731994628906,709.0628662109375,188.69705200195312
SPT,large_5m,37,0.37801480030293566,485.6294250488281,675.651611328125,190.22911071777344
SPT,large_5m,38,0.4269327442213291,641.7041015625,804.247802734375,196.1139373779297
SPT,large_5m,39,0.46786390584328885,879.3196411132812,715.3966674804688,205.62603759765625
SPT,large_5m,40,0.36597021359808,265.61322021484375,693.7415771484375,175.84170532226562
SPT,large_5m,41,0.42912737005492363,1168.689453125,841.3595581054688,215.62342834472656
SPT,large_5m,42,0.46507602021985317,984.1158447265625,675.4798583984375,201.7852783203125
SPT,large_5m,43,0.3969588684414696,421.41192626953125,749.3985595703125,183.9055633544922
SPT,large_5m,44,0.47830691225777755,1110.3492431640625,795.1289672851562,216.82891845703125
SPT,large_5m,45,0.4509764511348121,922.6596069335938,701.0049438476562,208.04962158203125
SPT,large_5m,46,0.3648914624231879,645.3406982421875,642.9667358398438,193.06155395507812
SPT,large_5m,47,0.42313209964325627,1074.99658203125,683.5800170898438,223.0652313232422
SPT,large_5m,48,0.403705697044837,525.8113403320312,784.9154663085938,196.0811767578125
SPT,large_5m,49,0.418444286478591,800.7627563476562,715.1160888671875,195.49478149414062
NN-Greedy,large_5m,0,0.39603736361315445,2068.880859375,388.25177001953125,190.45730590820312
NN-Greedy,large_5m,1,0.38683243337114565,1584.47705078125,240.40542602539062,189.88504028320312
NN-Greedy,large_5m,2,0.33087597303997757,1897.2587890625,133.4766845703125,183.08480834960938
NN-Greedy,large_5m,3,0.3467311124192284,2032.1199951171875,200.80136108398438,184.34437561035156
NN-Greedy,large_5m,4,0.2601523511844872,2006.899658203125,142.10240173339844,202.78421020507812
NN-Greedy,large_5m,5,0.3137165108173997,1974.412109375,131.33509826660156,188.42007446289062
NN-Greedy,large_5m,6,0.26803301275451985,1704.6982421875,81.73075103759766,183.24925231933594
NN-Greedy,large_5m,7,0.34233846285861963,1981.1470947265625,151.88125610351562,181.69020080566406
NN-Greedy,large_5m,8,0.33186676682911587,1481.659912109375,222.1876983642578,165.3665008544922
NN-Greedy,large_5m,9,0.2256750139615919,1681.659423828125,59.35227966308594,197.77633666992188
NN-Greedy,large_5m,10,0.2024847247871699,1410.3984375,57.38496017456055,183.1296844482422
NN-Greedy,large_5m,11,0.3355193822154796,1563.743896484375,253.41842651367188,170.00213623046875
NN-Greedy,large_5m,12,0.24701351016280804,1545.4742431640625,166.50083923339844,192.81723022460938
NN-Greedy,large_5m,13,0.3919183421949992,1881.4559326171875,317.7723388671875,203.55862426757812
NN-Greedy,large_5m,14,0.27119759616117917,2137.90576171875,62.59283447265625,195.56253051757812
NN-Greedy,large_5m,15,0.47290927571855834,2019.6737060546875,307.2195129394531,187.2649688720703
NN-Greedy,large_5m,16,0.32310201565246627,2117.496337890625,50.46046829223633,186.74984741210938
NN-Greedy,large_5m,17,0.34537483491436416,1540.4375,275.4830017089844,173.17202758789062
NN-Greedy,large_5m,18,0.36412886817463996,1355.72119140625,292.96240234375,186.0272674560547
NN-Greedy,large_5m,19,0.2946585830521772,1650.5540771484375,214.47996520996094,188.12457275390625
NN-Greedy,large_5m,20,0.24990630698862704,1346.5745849609375,111.87862396240234,160.4957275390625
NN-Greedy,large_5m,21,0.29563725024218057,1509.9915771484375,178.03219604492188,177.6829833984375
NN-Greedy,large_5m,22,0.36143049954725737,1901.85302734375,230.81488037109375,188.18978881835938
NN-Greedy,large_5m,23,0.4127121938942021,1879.611572265625,302.9595031738281,197.66543579101562
NN-Greedy,large_5m,24,0.2761334041881667,1286.989013671875,251.47879028320312,177.8377227783203
NN-Greedy,large_5m,25,0.24784506559026662,1297.5615234375,51.81893539428711,159.08738708496094
NN-Greedy,large_5m,26,0.261311090572398,1812.618896484375,99.73188018798828,179.2593536376953
NN-Greedy,large_5m,27,0.28453051984068334,1822.865966796875,89.22672271728516,184.0509033203125
NN-Greedy,large_5m,28,0.40467433341794895,1939.2872314453125,261.9262390136719,195.37771606445312
NN-Greedy,large_5m,29,0.314770831792037,1646.588623046875,267.2325744628906,186.269775390625
NN-Greedy,large_5m,30,0.35690228309626626,1854.6173095703125,138.90731811523438,179.8826904296875
NN-Greedy,large_5m,31,0.3075640386243978,1593.8369140625,142.19215393066406,178.7969970703125
NN-Greedy,large_5m,32,0.2691107412068826,1691.064697265625,163.16331481933594,188.67581176757812
NN-Greedy,large_5m,33,0.27680470159051834,1946.1195068359375,75.42259216308594,180.9610137939453
NN-Greedy,large_5m,34,0.29213108864818793,1952.2923583984375,128.31558227539062,193.0948028564453
NN-Greedy,large_5m,35,0.34071758309816685,1682.1319580078125,286.4714660644531,180.01687622070312
NN-Greedy,large_5m,36,0.31046612707038046,1631.1046142578125,148.19725036621094,169.63742065429688
NN-Greedy,large_5m,37,0.40673457423327114,1803.55078125,280.0118713378906,173.72845458984375
NN-Greedy,large_5m,38,0.3782964477931315,1842.07666015625,264.46044921875,178.31399536132812
NN-Greedy,large_5m,39,0.3038332230569472,1658.9189453125,107.37106323242188,186.42808532714844
NN-Greedy,large_5m,40,0.3126313761598197,1143.1690673828125,222.22573852539062,161.26556396484375
NN-Greedy,large_5m,41,0.21839112849227474,1669.8812255859375,62.02180862426758,191.61366271972656
NN-Greedy,large_5m,42,0.33752595496536447,1973.4326171875,148.62786865234375,190.18727111816406
NN-Greedy,large_5m,43,0.38356239612334025,1447.523193359375,370.98089599609375,172.1905059814453
NN-Greedy,large_5m,44,0.2588995456684812,1802.6610107421875,56.13713073730469,186.5655975341797
NN-Greedy,large_5m,45,0.2933875816412116,2023.9288330078125,74.29497528076172,184.0675506591797
NN-Greedy,large_5m,46,0.4304124184822198,1944.1741943359375,364.4902648925781,189.3582000732422
NN-Greedy,large_5m,47,0.3392397833669981,1961.5137939453125,256.94091796875,201.49696350097656
NN-Greedy,large_5m,48,0.2662284224372556,1754.0933837890625,74.09913635253906,176.64532470703125
NN-Greedy,large_5m,49,0.4671185207377103,2264.10595703125,318.3208923339844,186.9698944091797
SPT,xlarge_10m,0,0.4318973393187684,7663.98828125,7949.39404296875,203.365234375
SPT,xlarge_10m,1,0.4075140517828723,5456.1484375,7938.8564453125,191.24925231933594
SPT,xlarge_10m,2,0.4080852227036759,5587.18359375,7735.26806640625,191.833984375
SPT,xlarge_10m,3,0.41505281125906607,5801.947265625,7908.548828125,192.41329956054688
SPT,xlarge_10m,4,0.41523362808488706,7927.36328125,7584.7265625,201.8320770263672
SPT,xlarge_10m,5,0.39245848176850207,4816.49951171875,7415.54931640625,188.82623291015625
SPT,xlarge_10m,6,0.4182180238023835,6670.4345703125,7283.46484375,197.58624267578125
SPT,xlarge_10m,7,0.4136215620684897,6394.6494140625,7478.619140625,195.04783630371094
SPT,xlarge_10m,8,0.40764167990195677,5540.56103515625,7521.0078125,192.0236053466797
SPT,xlarge_10m,9,0.4123595815003257,5714.77294921875,7424.546875,192.4989471435547
SPT,xlarge_10m,10,0.4152216044439073,5871.935546875,7821.20703125,193.0657958984375
SPT,xlarge_10m,11,0.4079955370976712,5083.74755859375,8274.8310546875,188.7399139404297
SPT,xlarge_10m,12,0.3914228995847514,5715.5224609375,7622.3974609375,192.3470458984375
SPT,xlarge_10m,13,0.41743591243846057,5929.296875,7946.2138671875,189.33023071289062
SPT,xlarge_10m,14,0.4035140176709648,5690.67724609375,7914.5849609375,191.2274627685547
SPT,xlarge_10m,15,0.41528349986911806,6658.86328125,7461.53564453125,201.6654510498047
SPT,xlarge_10m,16,0.39828117070625507,5862.1015625,7272.78955078125,194.16830444335938
SPT,xlarge_10m,17,0.40352192362341377,5210.251953125,7786.27734375,190.00344848632812
SPT,xlarge_10m,18,0.4064895526026417,5552.744140625,7977.16259765625,191.5693359375
SPT,xlarge_10m,19,0.415695338546552,5865.26220703125,7695.34326171875,192.74130249023438
SPT,xlarge_10m,20,0.4165517849291659,5851.66162109375,8114.9794921875,194.07701110839844
SPT,xlarge_10m,21,0.40700681512992964,5535.94140625,7767.47216796875,190.85031127929688
SPT,xlarge_10m,22,0.4067790448484864,5188.845703125,8043.515625,187.90960693359375
SPT,xlarge_10m,23,0.4077470934586645,6467.96630859375,7424.6845703125,194.4428253173828
SPT,xlarge_10m,24,0.39018379596143626,4826.521484375,7180.412109375,187.14923095703125
SPT,xlarge_10m,25,0.4222162644460974,6324.46826171875,7949.9833984375,195.255615234375
SPT,xlarge_10m,26,0.4278094256688848,6986.8076171875,8031.83544921875,195.72743225097656
SPT,xlarge_10m,27,0.4359910343911141,7901.8662109375,8382.8779296875,201.46481323242188
SPT,xlarge_10m,28,0.4333377028089571,7883.06591796875,7969.3310546875,203.24453735351562
SPT,xlarge_10m,29,0.4167884416626291,5581.29345703125,7615.2607421875,189.80836486816406
SPT,xlarge_10m,30,0.4180146751410333,6432.9716796875,7543.6123046875,194.7894287109375
SPT,xlarge_10m,31,0.4169475826954695,6335.78662109375,7801.83203125,197.4768524169922
SPT,xlarge_10m,32,0.4065655645351011,5280.05029296875,7688.7333984375,190.28768920898438
SPT,xlarge_10m,33,0.38481653418679845,4582.37841796875,7429.1943359375,186.8898468017578
SPT,xlarge_10m,34,0.4035581431754784,5907.5810546875,7530.15283203125,192.24606323242188
SPT,xlarge_10m,35,0.39734933647199977,5215.9404296875,7831.5244140625,187.99258422851562
SPT,xlarge_10m,36,0.39633311251226955,5244.4287109375,7703.68896484375,190.52334594726562
SPT,xlarge_10m,37,0.40671395174906155,4943.697265625,8063.0302734375,190.18722534179688
SPT,xlarge_10m,38,0.40321632753124803,5048.56396484375,7793.7919921875,189.68048095703125
SPT,xlarge_10m,39,0.41843271384998565,6257.9443359375,7674.2568359375,193.4528350830078
SPT,xlarge_10m,40,0.4114577039832549,5352.8671875,7797.8134765625,189.11634826660156
SPT,xlarge_10m,41,0.4323376682600161,7238.2353515625,7956.501953125,198.33203125
SPT,xlarge_10m,42,0.3995464713951321,5439.13427734375,7649.04931640625,191.16795349121094
SPT,xlarge_10m,43,0.4097408154532673,5553.97705078125,7837.11767578125,193.5908203125
SPT,xlarge_10m,44,0.41411585892449176,5554.8388671875,8598.794921875,191.85992431640625
SPT,xlarge_10m,45,0.4248306788007477,6844.32275390625,8190.541015625,198.67669677734375
SPT,xlarge_10m,46,0.4036924591131296,4759.1298828125,8124.01123046875,187.84933471679688
SPT,xlarge_10m,47,0.41385438390894447,6207.2265625,8039.48193359375,193.823974609375
SPT,xlarge_10m,48,0.4154292726210296,5958.10205078125,7861.40380859375,193.614990234375
SPT,xlarge_10m,49,0.4171778780038643,5871.01953125,7871.607421875,193.0073699951172
NN-Greedy,xlarge_10m,0,0.2638166309980975,19968.873046875,167.02293395996094,178.30860900878906
NN-Greedy,xlarge_10m,1,0.2861015596487885,19211.310546875,448.27301025390625,169.70635986328125
NN-Greedy,xlarge_10m,2,0.29361831477748596,18933.46875,482.53680419921875,170.7522735595703
NN-Greedy,xlarge_10m,3,0.2937079201884458,19084.28515625,590.9794311523438,170.799560546875
NN-Greedy,xlarge_10m,4,0.2957352870936274,20701.74609375,759.6913452148438,181.90965270996094
NN-Greedy,xlarge_10m,5,0.25874991000810205,17506.96484375,224.44403076171875,167.34205627441406
NN-Greedy,xlarge_10m,6,0.27836831971207654,19298.806640625,475.7796936035156,176.8076171875
NN-Greedy,xlarge_10m,7,0.28292445177274583,20247.298828125,169.76097106933594,172.72286987304688
NN-Greedy,xlarge_10m,8,0.2840733093224751,19208.818359375,594.9083862304688,170.67056274414062
NN-Greedy,xlarge_10m,9,0.2717472028621447,18928.21484375,222.7365264892578,172.24957275390625
NN-Greedy,xlarge_10m,10,0.2896770322490879,19467.16015625,426.8922424316406,172.57276916503906
NN-Greedy,xlarge_10m,11,0.31092301585524207,19107.8203125,752.10693359375,168.87411499023438
NN-Greedy,xlarge_10m,12,0.27940025605938046,19477.33203125,157.18899536132812,172.87338256835938
NN-Greedy,xlarge_10m,13,0.297553059021328,19373.4765625,542.447998046875,170.44842529296875
NN-Greedy,xlarge_10m,14,0.27189472913485824,18593.984375,169.70938110351562,170.0308074951172
NN-Greedy,xlarge_10m,15,0.2763895438304888,19244.708984375,163.4593048095703,174.85382080078125
NN-Greedy,xlarge_10m,16,0.26619636268295593,18504.46875,143.81442260742188,171.8150634765625
NN-Greedy,xlarge_10m,17,0.277944568222685,18577.8984375,518.9696655273438,168.5740509033203
NN-Greedy,xlarge_10m,18,0.28099117990217354,19099.6171875,401.308349609375,170.5157470703125
NN-Greedy,xlarge_10m,19,0.3019843354981786,19658.349609375,598.7387084960938,172.3741455078125
NN-Greedy,xlarge_10m,20,0.28680092046142913,18896.25,439.93695068359375,169.78472900390625
NN-Greedy,xlarge_10m,21,0.2792232017414616,19345.04296875,201.7308349609375,169.3610382080078
NN-Greedy,xlarge_10m,22,0.27633413202978024,18732.59765625,269.848876953125,166.42013549804688
NN-Greedy,xlarge_10m,23,0.2873918795172976,20391.837890625,169.5794677734375,174.35073852539062
NN-Greedy,xlarge_10m,24,0.2512235171036257,16912.458984375,165.49899291992188,166.5517120361328
NN-Greedy,xlarge_10m,25,0.29240468111187823,19478.255859375,445.0592041015625,174.356689453125
NN-Greedy,xlarge_10m,26,0.2931150724580185,19989.6796875,549.6968383789062,175.51138305664062
NN-Greedy,xlarge_10m,27,0.278983554911744,21002.994140625,153.94850158691406,178.7269744873047
NN-Greedy,xlarge_10m,28,0.2634314335411328,19947.58203125,248.0914764404297,179.03021240234375
NN-Greedy,xlarge_10m,29,0.30165519591620105,18745.787109375,487.89605712890625,169.49981689453125
NN-Greedy,xlarge_10m,30,0.29334605334027203,20408.412109375,483.26531982421875,173.14889526367188
NN-Greedy,xlarge_10m,31,0.30095793975199353,21048.611328125,542.4578247070312,174.78358459472656
NN-Greedy,xlarge_10m,32,0.2977750957128239,19467.28515625,478.1705322265625,169.17942810058594
NN-Greedy,xlarge_10m,33,0.3065147345617224,18181.423828125,627.73974609375,167.5782928466797
NN-Greedy,xlarge_10m,34,0.29024859516444396,18912.8671875,661.7817993164062,172.88919067382812
NN-Greedy,xlarge_10m,35,0.2682928484342105,17528.9140625,527.301025390625,168.9141082763672
NN-Greedy,xlarge_10m,36,0.29444955292890873,19143.740234375,436.7493896484375,170.5328369140625
NN-Greedy,xlarge_10m,37,0.294260968447145,18433.0703125,499.6011047363281,167.42214965820312
NN-Greedy,xlarge_10m,38,0.26073549254984074,17473.96484375,152.96926879882812,166.9022216796875
NN-Greedy,xlarge_10m,39,0.2710300962874199,18465.294921875,458.78961181640625,173.04742431640625
NN-Greedy,xlarge_10m,40,0.26965496696809654,17979.306640625,169.5889892578125,169.3112030029297
NN-Greedy,xlarge_10m,41,0.30073392764042767,19875.671875,689.2360229492188,177.37216186523438
NN-Greedy,xlarge_10m,42,0.2622190097678021,18557.0859375,181.4080352783203,169.50173950195312
NN-Greedy,xlarge_10m,43,0.2839727137506247,19217.8828125,460.5259704589844,170.79627990722656
NN-Greedy,xlarge_10m,44,0.2961135312476207,19056.591796875,489.5805358886719,168.806640625
NN-Greedy,xlarge_10m,45,0.30657569447348665,21142.130859375,588.2484741210938,175.15892028808594
NN-Greedy,xlarge_10m,46,0.3013977266075378,18895.65234375,537.25244140625,166.49208068847656
NN-Greedy,xlarge_10m,47,0.29031875204713314,20504.625,586.7959594726562,173.6611328125
NN-Greedy,xlarge_10m,48,0.2903293930612243,19627.716796875,468.89068603515625,171.07884216308594
NN-Greedy,xlarge_10m,49,0.2786952586010848,18974.8125,182.17176818847656,170.73892211914062
GA,tiny_1m,6,0.1731797414407954,84.15937042236328,15.309364318847656,179.23031616210938
GA,tiny_1m,5,0.34915882296159756,20.030174255371094,36.43252182006836,185.05120849609375
GA,tiny_1m,2,0.10562163482601758,0.0,18.450048446655273,153.1282958984375
GA,tiny_1m,9,0.3453110146594027,141.47792053222656,7.64471960067749,216.3275604248047
GA,tiny_1m,3,0.16056798237635037,12.03422737121582,14.325055122375488,141.01885986328125
GA,tiny_1m,10,0.3662445927057997,48.96864700317383,46.448726654052734,195.0268096923828
GA,tiny_1m,8,0.3347692507117312,119.4327621459961,35.09882736206055,223.3079071044922
GA,tiny_1m,0,0.09933086940849538,10.537971496582031,11.094624519348145,138.06654357910156
GA,tiny_1m,11,0.15580999930296432,4.077537536621094,22.4799747467041,121.08285522460938
GA,tiny_1m,1,0.3320537376411015,26.573875427246094,59.515785217285156,203.22959899902344
GA,tiny_1m,7,0.15972364473901654,48.557289123535156,21.505203247070312,188.5420379638672
GA,tiny_1m,12,0.27801684524791553,0.0,63.10044860839844,158.4896240234375
GA,tiny_1m,4,0.3803474593739229,106.41336822509766,53.701358795166016,220.24900817871094
GA,tiny_1m,13,0.2957151342913481,120.84407043457031,12.249305725097656,194.65972900390625
GA,tiny_1m,14,0.28795389974776425,165.19419860839844,17.496889114379883,216.56005859375
GA,tiny_1m,15,0.27288732557666573,49.908912658691406,57.968467712402344,183.16336059570312
GA,tiny_1m,17,0.236314332186722,6.614715576171875,44.93488311767578,166.68968200683594
GA,tiny_1m,16,0.3333333333333333,0.0,114.08975982666016,173.0005340576172
GA,tiny_1m,18,0.2168762924641511,0.0,21.50444793701172,180.37155151367188
GA,tiny_1m,20,0.32495952506286074,0.0,55.07637023925781,151.59300231933594
GA,tiny_1m,22,0.1665813014495215,40.46270751953125,29.198970794677734,140.37002563476562
GA,tiny_1m,21,0.32322016812574494,29.098812103271484,75.67588806152344,205.34878540039062
GA,tiny_1m,19,0.22455948591557148,87.72159576416016,33.18827438354492,151.2781982421875
GA,tiny_1m,26,0.3164323232444837,137.48660278320312,15.206084251403809,166.9419708251953
GA,tiny_1m,24,0.2599822428570817,110.65023040771484,17.714588165283203,169.4853973388672
GA,tiny_1m,25,0.10451111530617475,0.0,19.944698333740234,88.5591812133789
GA,tiny_1m,23,0.21850658683756588,27.350936889648438,26.854225158691406,163.87957763671875
GA,tiny_1m,28,0.24931997483985802,31.722721099853516,58.563873291015625,189.68312072753906
GA,tiny_1m,27,0.19259581049176075,0.0,70.7979507446289,179.16331481933594
GA,tiny_1m,29,0.24712891468536435,0.0,71.78724670410156,133.4059600830078
GA,tiny_1m,30,0.2634030256331102,24.150375366210938,32.45207977294922,157.67916870117188
GA,tiny_1m,31,0.10063325445638997,4.490142822265625,30.12694549560547,190.68820190429688
GA,tiny_1m,32,0.19184802761678219,7.201393127441406,35.91199493408203,162.1641845703125
GA,tiny_1m,34,0.14378173728675356,2.227081298828125,33.51226043701172,163.886474609375
GA,tiny_1m,37,0.1943712712849185,58.36168670654297,26.41217041015625,173.6906280517578
GA,tiny_1m,33,0.18077798549225926,50.064048767089844,16.44771957397461,185.63589477539062
GA,tiny_1m,39,0.23340859231186042,39.787296295166016,33.95479965209961,155.51219177246094
GA,tiny_1m,36,0.09215750551783411,0.0,11.64482593536377,177.9543914794922
GA,tiny_1m,40,0.34002609168708997,126.08256530761719,52.858726501464844,212.03916931152344
GA,tiny_1m,38,0.3102994241013957,47.726341247558594,42.67799377441406,207.01702880859375
GA,tiny_1m,41,0.49042360820566006,164.48617553710938,66.91561889648438,241.2012176513672
GA,tiny_1m,35,0.2949372174031103,113.55169677734375,12.701985359191895,188.05126953125
GA,tiny_1m,43,0.1966161228891115,41.74172592163086,27.773754119873047,158.46238708496094
GA,tiny_1m,45,0.31416893220397746,200.27011108398438,13.204259872436523,207.56692504882812
GA,tiny_1m,44,0.15671261319928181,0.7499465942382812,67.39640808105469,152.70388793945312
GA,tiny_1m,42,0.43900175055036844,50.54624938964844,42.69305419921875,212.95880126953125
GA,tiny_1m,46,0.24961818654756718,41.482765197753906,17.606094360351562,189.23361206054688
GA,tiny_1m,47,0.2451825371069335,142.5795440673828,17.004302978515625,201.8688507080078
GA,tiny_1m,48,0.3538778459209634,77.44567108154297,64.70535278320312,203.69442749023438
GA,tiny_1m,49,0.2988314387693929,77.56707763671875,48.46190643310547,189.86666870117188
GA,small_1m,0,0.21345016552229296,320.0907897949219,25.528194427490234,183.36695861816406
GA,small_1m,2,0.19987746074586735,3.357513427734375,98.76583099365234,158.0338134765625
GA,small_1m,3,0.16775013811030362,9.647930145263672,71.31875610351562,148.8717041015625
GA,small_1m,6,0.23908030542875425,129.44766235351562,61.54765701293945,177.83724975585938
GA,small_1m,1,0.24814382930809586,205.49705505371094,54.69351577758789,178.97329711914062
GA,small_1m,4,0.2331342688731627,97.03990936279297,82.62316131591797,200.05645751953125
GA,small_1m,7,0.26466595375257906,221.03663635253906,60.24374771118164,197.59144592285156
GA,small_1m,8,0.20392871053753833,75.61964416503906,59.19393539428711,177.96405029296875
GA,small_1m,9,0.2857205895074877,158.65293884277344,94.66573333740234,214.95809936523438
GA,small_1m,5,0.18616464325613902,176.89707946777344,23.350223541259766,155.68504333496094
GA,small_1m,10,0.23433401145539506,132.32130432128906,81.26443481445312,197.2423095703125
GA,small_1m,11,0.1759791843028201,27.182802200317383,81.5177230834961,156.41842651367188
GA,small_1m,13,0.3228118632733387,186.49319458007812,93.84201049804688,216.4458465576172
GA,small_1m,12,0.22852189306418325,57.35533905029297,78.67387390136719,172.58172607421875
GA,small_1m,14,0.35028803078488624,288.6622619628906,73.0267333984375,214.1665496826172
GA,small_1m,15,0.23784346313596255,131.65243530273438,87.51850891113281,180.90480041503906
GA,small_1m,17,0.1980559738674184,73.43907165527344,64.78634643554688,160.74801635742188
GA,small_1m,16,0.2876842766202109,111.92152404785156,76.21736145019531,170.1457977294922
GA,small_1m,18,0.28469753382613566,40.067359924316406,58.29246139526367,177.25613403320312
GA,small_1m,19,0.2953251927626339,224.26747131347656,56.339168548583984,183.661865234375
GA,small_1m,23,0.2694892609951169,70.7251968383789,74.35023498535156,174.07452392578125
GA,small_1m,22,0.21400083304128997,40.91509246826172,68.64201354980469,180.87286376953125
GA,small_1m,24,0.3140955211906785,152.84463500976562,74.98233795166016,190.3973388671875
GA,small_1m,21,0.1365798715515094,138.44447326660156,21.213951110839844,194.4672088623047
GA,small_1m,20,0.1709597587247688,35.33684539794922,54.31083297729492,155.54006958007812
GA,small_1m,25,0.1906435246961663,0.0,85.97657012939453,131.06211853027344
GA,small_1m,26,0.20616446896425147,38.370079040527344,85.30258178710938,164.01083374023438
GA,small_1m,27,0.21573385008163165,69.13165283203125,91.31169128417969,170.9324951171875
GA,small_1m,28,0.2784648279011407,147.42897033691406,84.95952606201172,205.34376525878906
GA,small_1m,29,0.13737554602852411,3.36383056640625,87.89773559570312,116.60691833496094
GA,small_1m,30,0.09623534933299771,48.1405029296875,33.78000259399414,159.27728271484375
GA,small_1m,31,0.21722313865195975,61.405521392822266,94.52268981933594,164.0645751953125
GA,small_1m,32,0.26097747937874755,297.5624694824219,38.7188606262207,200.15953063964844
GA,small_1m,33,0.1514715372178121,119.2210922241211,25.870412826538086,175.59715270996094
GA,small_1m,38,0.312292661626792,260.9117431640625,34.079620361328125,180.53773498535156
GA,small_1m,34,0.19791614496564341,373.13330078125,22.482707977294922,202.2984619140625
GA,small_1m,37,0.2000730607866408,37.243995666503906,57.05744934082031,158.57896423339844
GA,small_1m,42,0.2903257170665525,230.7041015625,62.83405303955078,203.3913116455078
GA,small_1m,35,0.26832561509463043,127.20748138427734,94.32948303222656,202.67250061035156
GA,small_1m,40,0.19158180701486383,216.32908630371094,25.382474899291992,199.66697692871094
GA,small_1m,36,0.21640054787751717,99.87483215332031,87.14275360107422,176.20468139648438
GA,small_1m,44,0.207165398945271,64.78234100341797,59.14983367919922,166.7793731689453
GA,small_1m,39,0.31766098228743544,136.92835998535156,54.192222595214844,174.28842163085938
GA,small_1m,41,0.17528886042282646,191.77806091308594,29.383682250976562,194.84332275390625
GA,small_1m,43,0.1743093049076157,117.34209442138672,47.87806701660156,156.02377319335938
GA,small_1m,45,0.22042793195921337,241.08267211914062,26.033716201782227,207.09173583984375
GA,small_1m,46,0.31069452478702075,179.91128540039062,73.84898376464844,195.7350616455078
GA,small_1m,47,0.25558479788361416,88.24417877197266,65.69583892822266,181.705078125
GA,small_1m,48,0.25467742873306365,201.3192901611328,52.276092529296875,195.2522430419922
GA,small_1m,49,0.21589083217976746,133.58888244628906,57.431400299072266,175.62400817871094
GA,medium_1m,3,0.19709150356744776,224.0478057861328,96.61658477783203,164.840576171875
GA,medium_1m,0,0.21230576435401743,331.46282958984375,130.5640869140625,179.6293487548828
GA,medium_1m,5,0.15829630077785797,194.91607666015625,102.0935287475586,174.26295471191406
GA,medium_1m,4,0.2770636312179669,508.32867431640625,99.07135009765625,206.2443084716797
GA,medium_1m,2,0.2619310784213542,233.4927520751953,154.30804443359375,167.21563720703125
GA,medium_1m,6,0.2790919519198872,359.14813232421875,131.72938537597656,177.78688049316406
GA,medium_1m,7,0.31046189913072725,429.6402893066406,161.70675659179688,197.7023468017578
GA,medium_1m,1,0.17259560225566323,283.0076904296875,94.25443267822266,164.82754516601562
GA,medium_1m,9,0.2434641051102166,354.7437744140625,145.75283813476562,197.23257446289062
GA,medium_1m,8,0.17914314948054988,152.81053161621094,129.415771484375,167.96783447265625
GA,medium_1m,10,0.29437162050242177,423.9476318359375,121.4661865234375,201.35177612304688
GA,medium_1m,11,0.19331590098257026,327.3069763183594,107.02034759521484,167.5579376220703
GA,medium_1m,12,0.213148713196602,121.72045135498047,133.5856170654297,156.1716766357422
GA,medium_1m,13,0.23574209763360043,454.38616943359375,112.79402160644531,189.26324462890625
GA,medium_1m,14,0.24813928497845722,374.71368408203125,120.27701568603516,196.72727966308594
GA,medium_1m,15,0.21904151088918788,303.2149658203125,131.8286590576172,191.99244689941406
GA,medium_1m,16,0.18931468857373937,258.3105163574219,104.48060607910156,172.7700653076172
GA,medium_1m,17,0.18010232626933617,96.32196044921875,129.46929931640625,159.1461944580078
GA,medium_1m,22,0.21106033945108477,180.68682861328125,103.56989288330078,168.25686645507812
GA,medium_1m,24,0.19550919663449245,229.91534423828125,88.74732971191406,173.08750915527344
GA,medium_1m,23,0.2721086848543423,324.2159729003906,135.62765502929688,167.7736053466797
GA,medium_1m,20,0.17523965169810954,89.9122543334961,120.10240173339844,145.397705078125
GA,medium_1m,21,0.19436886703217393,329.0632019042969,111.95807647705078,191.35536193847656
GA,medium_1m,19,0.27340970486571814,455.6573791503906,100.64788055419922,192.956787109375
GA,medium_1m,25,0.2828744679838882,264.7336730957031,83.1078872680664,159.28781127929688
GA,medium_1m,26,0.22823652077377615,302.9291076660156,114.3985824584961,172.75381469726562
GA,medium_1m,18,0.24551806455865582,414.1029052734375,113.2033920288086,192.2432403564453
GA,medium_1m,27,0.2592119971765502,505.3750305175781,92.6290054321289,172.08026123046875
GA,medium_1m,28,0.24090350387497317,351.92431640625,107.68355560302734,184.05587768554688
GA,medium_1m,29,0.26088036403787107,243.42567443847656,112.47180938720703,161.95372009277344
GA,medium_1m,30,0.22426209432774274,455.4701232910156,118.53668975830078,183.3965301513672
GA,medium_1m,32,0.2536621235112598,467.7266540527344,83.24140167236328,175.95689392089844
GA,medium_1m,31,0.1631928777204752,111.6998519897461,104.58080291748047,161.6978302001953
GA,medium_1m,33,0.14934340003745558,82.29130554199219,123.02626037597656,157.73211669921875
GA,medium_1m,37,0.24815919985718024,219.28993225097656,148.12936401367188,159.48228454589844
GA,medium_1m,38,0.263902558976775,481.5937805175781,68.55291748046875,171.1023406982422
GA,medium_1m,36,0.21067815141424048,226.980712890625,88.45464324951172,167.3336181640625
GA,medium_1m,35,0.185331620834619,359.9534606933594,86.09715270996094,167.5124969482422
GA,medium_1m,34,0.27530249342477586,578.2572631835938,99.68248748779297,211.07513427734375
GA,medium_1m,39,0.1867721915334944,201.77569580078125,104.47581481933594,174.73255920410156
GA,medium_1m,41,0.21353975911924483,404.1079406738281,81.6628189086914,194.9197540283203
GA,medium_1m,42,0.29511960440069457,426.8075256347656,130.7747802734375,195.72882080078125
GA,medium_1m,40,0.18879028258495015,206.65859985351562,123.51605987548828,170.5454559326172
GA,medium_1m,43,0.17934785258519645,254.42225646972656,114.7746353149414,171.0901336669922
GA,medium_1m,45,0.22300382256405615,593.6273193359375,57.86449432373047,208.20782470703125
GA,medium_1m,44,0.22623040345857598,351.84173583984375,106.09577178955078,187.04881286621094
GA,medium_1m,46,0.18164982710819988,201.75982666015625,108.33067321777344,177.3480682373047
GA,medium_1m,47,0.277042475858279,462.169921875,112.43901824951172,189.681884765625
GA,medium_1m,48,0.21821535376375306,245.86183166503906,111.49008178710938,175.18629455566406
GA,medium_1m,49,0.2553811649692437,466.5428771972656,83.02181243896484,175.19027709960938
GA,large_1m,4,0.3474357126328037,1840.6201171875,294.4031982421875,194.12301635742188
GA,large_1m,2,0.33171536155694026,1332.7510986328125,347.01080322265625,178.0912628173828
GA,large_1m,1,0.34108039138418306,1516.1539306640625,327.1346740722656,181.76983642578125
GA,large_1m,0,0.34748020923720957,1584.143798828125,387.7012023925781,184.75347900390625
GA,large_1m,7,0.3865290659067957,1407.30126953125,327.1863708496094,176.29852294921875
GA,large_1m,5,0.372619325888241,1426.125732421875,348.0310974121094,173.98818969726562
GA,large_1m,3,0.3714607590646767,1548.191650390625,359.6647644042969,180.5053253173828
GA,large_1m,8,0.3730973907275899,1113.6156005859375,392.4910583496094,166.60787963867188
GA,large_1m,6,0.32349082866843254,1660.520751953125,291.5000915527344,177.6713104248047
GA,large_1m,9,0.32942451918489046,1468.2294921875,345.1442565917969,191.62124633789062
GA,large_1m,10,0.348028450085182,1530.4049072265625,299.53887939453125,178.81228637695312
GA,large_1m,11,0.295335353219206,1400.2803955078125,285.0931091308594,165.63189697265625
GA,large_1m,12,0.36280764540887483,1408.0550537109375,378.35101318359375,181.33560180664062
GA,large_1m,13,0.4384845920418824,1751.895751953125,349.41815185546875,192.2696990966797
GA,large_1m,14,0.3611241694002486,1746.3759765625,368.2558288574219,193.96054077148438
GA,large_1m,15,0.3264923966646929,1417.8497314453125,305.9917297363281,176.67401123046875
GA,large_1m,16,0.3158962467870948,1496.07080078125,377.5906677246094,186.0751495361328
GA,large_1m,17,0.33496810175977476,1371.6361083984375,341.5885925292969,169.29788208007812
GA,large_1m,20,0.38029212150656544,1094.5098876953125,412.3472595214844,164.07049560546875
GA,large_1m,19,0.3681938049397704,1476.8486328125,374.5888977050781,182.98898315429688
GA,large_1m,18,0.3192267143243896,1546.9659423828125,310.26556396484375,171.90786743164062
GA,large_1m,21,0.3516514060900836,1458.8665771484375,325.1514587402344,174.85025024414062
GA,large_1m,22,0.2892983856302238,1283.2232666015625,295.52911376953125,176.52825927734375
GA,large_1m,23,0.3200397003227805,1554.5108642578125,317.5137939453125,182.77108764648438
GA,large_1m,24,0.3329217258391436,1345.3798828125,350.0416259765625,173.5243682861328
GA,large_1m,25,0.3680322862275328,1101.822509765625,440.0102844238281,162.17576599121094
GA,large_1m,27,0.32633471492337174,1334.75,400.7986145019531,179.64576721191406
GA,large_1m,26,0.38328877892792523,1289.9365234375,359.0615234375,177.75820922851562
GA,large_1m,29,0.3537649767416827,1320.9554443359375,430.65155029296875,174.94720458984375
GA,large_1m,28,0.31629022080335106,1453.670654296875,341.5370178222656,189.0378875732422
GA,large_1m,30,0.38896139109338523,1523.4969482421875,302.9609375,178.4708251953125
GA,large_1m,31,0.3068738900702321,1316.6217041015625,299.85552978515625,178.75274658203125
GA,large_1m,32,0.3278710797589068,1693.4342041015625,291.2496032714844,182.3423309326172
GA,large_1m,35,0.3313105909191302,1537.145263671875,251.92437744140625,166.90335083007812
GA,large_1m,37,0.36933712225609605,1348.563720703125,388.324462890625,167.76144409179688
GA,large_1m,34,0.34302591251811954,1471.974365234375,406.6892395019531,186.4696807861328
GA,large_1m,33,0.35435406238076295,1293.6954345703125,351.4010009765625,176.4485321044922
GA,large_1m,36,0.3191214046498989,1276.698974609375,318.9624328613281,168.29685974121094
GA,large_1m,38,0.35147066208493094,1356.4310302734375,305.65313720703125,169.07736206054688
GA,large_1m,39,0.31187234971984806,1404.76123046875,300.3919982910156,180.93104553222656
GA,large_1m,40,0.34841265861220116,866.399658203125,443.0872802734375,157.59336853027344
GA,large_1m,42,0.35876130489453895,1762.4930419921875,293.7328186035156,185.06784057617188
GA,large_1m,41,0.3719567073391946,1973.3782958984375,320.4380187988281,193.4918975830078
GA,large_1m,43,0.35688284228744477,1426.523681640625,344.22607421875,163.2936553955078
GA,large_1m,44,0.4075285757666046,1618.4122314453125,344.00103759765625,187.2639617919922
GA,large_1m,45,0.3767243046628617,1635.510498046875,328.8056945800781,183.97714233398438
GA,large_1m,47,0.37865420264406313,1686.856201171875,364.4488830566406,194.0930938720703
GA,large_1m,46,0.3621474125153527,1355.871826171875,357.5666809082031,174.2156219482422
GA,large_1m,48,0.3187671858637632,1146.100830078125,360.53515625,170.12179565429688
GA,large_1m,49,0.33199722145536426,1362.6807861328125,421.9182434082031,180.40606689453125
GA,xlarge_1m,0,0.4364985172752368,3793.450927734375,917.4454345703125,191.8594207763672
GA,xlarge_1m,1,0.40801685705117685,3458.3544921875,898.776123046875,183.1159210205078
GA,xlarge_1m,2,0.4360298994029608,3107.37841796875,1010.244873046875,175.80137634277344
GA,xlarge_1m,3,0.4429303234802831,3670.39306640625,837.3119506835938,181.64356994628906
GA,xlarge_1m,5,0.43509645538569924,3799.72119140625,846.6448974609375,184.1968536376953
GA,xlarge_1m,4,0.3960379412990023,3713.913818359375,732.6480102539062,187.51112365722656
GA,xlarge_1m,6,0.42824072284741327,3739.530517578125,916.4076538085938,189.77386474609375
GA,xlarge_1m,7,0.4049830527363732,3221.647705078125,916.5591430664062,175.588623046875
GA,xlarge_1m,8,0.4024776856517205,2884.596923828125,833.472412109375,167.7863006591797
GA,xlarge_1m,9,0.4327737728391773,3842.720458984375,825.6190795898438,188.4502410888672
GA,xlarge_1m,10,0.395071898092903,2872.999755859375,806.6434326171875,177.5458984375
GA,xlarge_1m,12,0.44027974987331786,3452.578857421875,959.7308349609375,188.88656616210938
GA,xlarge_1m,11,0.39939099917377824,3149.843994140625,951.4568481445312,168.64808654785156
GA,xlarge_1m,13,0.4286887359646528,3633.962158203125,920.122802734375,192.3240966796875
GA,xlarge_1m,14,0.4569915886853451,3841.495849609375,814.5716552734375,183.85394287109375
GA,xlarge_1m,15,0.43484028537811836,3412.851318359375,884.6407470703125,184.27420043945312
GA,xlarge_1m,16,0.4026115435674237,3822.4052734375,731.0714721679688,183.49217224121094
GA,xlarge_1m,18,0.41123789183639836,3356.041748046875,977.4378051757812,181.2671661376953
GA,xlarge_1m,19,0.44749099901478295,4005.714599609375,680.9938354492188,181.7955780029297
GA,xlarge_1m,17,0.423810584632834,2895.087158203125,916.197509765625,172.3382568359375
GA,xlarge_1m,20,0.4378144723375149,3285.72216796875,891.660400390625,170.83169555664062
GA,xlarge_1m,21,0.4356828913171405,3636.042724609375,891.3216552734375,180.38177490234375
GA,xlarge_1m,23,0.3942431375116125,3423.41552734375,802.267822265625,182.07261657714844
GA,xlarge_1m,22,0.42883074917698977,3505.162841796875,940.9566040039062,188.8841094970703
GA,xlarge_1m,24,0.3833221792943933,3287.741455078125,792.4100341796875,177.59933471679688
GA,xlarge_1m,26,0.4201133677164556,3281.505615234375,903.7520141601562,181.8824462890625
GA,xlarge_1m,25,0.4308570516891198,2931.19873046875,1091.0767822265625,170.35626220703125
GA,xlarge_1m,27,0.4044828400778655,3369.656494140625,867.1004638671875,184.26670837402344
GA,xlarge_1m,28,0.4227385594256128,3762.8408203125,865.380859375,194.47714233398438
GA,xlarge_1m,29,0.45101833353012627,3208.57666015625,974.31298828125,175.6407012939453
GA,xlarge_1m,30,0.4327877347710223,3393.924072265625,984.3251953125,182.8069610595703
GA,xlarge_1m,31,0.40423793664284946,3370.748779296875,916.0564575195312,186.12637329101562
GA,xlarge_1m,32,0.43068872083365306,3383.9677734375,889.6209716796875,187.272216796875
GA,xlarge_1m,33,0.4287167730852304,3320.84326171875,872.0094604492188,178.08486938476562
GA,xlarge_1m,35,0.38182589075325335,3189.77734375,769.0697631835938,173.2373809814453
GA,xlarge_1m,36,0.4345068784363801,3015.719482421875,962.968017578125,176.07521057128906
GA,xlarge_1m,38,0.4347547535797629,3138.89306640625,881.1629028320312,165.715087890625
GA,xlarge_1m,34,0.37962100312527625,3016.26806640625,996.5694580078125,185.6372528076172
GA,xlarge_1m,37,0.4308421408992616,2763.14404296875,1061.718017578125,173.76156616210938
GA,xlarge_1m,39,0.40177951764471337,3906.099365234375,648.3626708984375,183.25161743164062
GA,xlarge_1m,40,0.45556603743153934,3141.728759765625,1039.3038330078125,171.84117126464844
GA,xlarge_1m,43,0.4275585290774717,3430.611572265625,852.2999267578125,180.0645294189453
GA,xlarge_1m,41,0.4112855964166241,3811.080078125,906.8656005859375,191.9892578125
GA,xlarge_1m,42,0.39776454472148026,3145.845703125,837.3095092773438,176.6372528076172
GA,xlarge_1m,44,0.42671083385320463,3629.827392578125,933.0756225585938,186.97515869140625
GA,xlarge_1m,45,0.3716054757653735,3118.71337890625,875.5069580078125,180.02479553222656
GA,xlarge_1m,46,0.42738827012485037,3151.678955078125,830.1990966796875,175.72940063476562
GA,xlarge_1m,47,0.41720151575523307,3579.25244140625,888.8672485351562,187.10537719726562
GA,xlarge_1m,49,0.4384404653954919,3683.958740234375,865.38427734375,179.1125946044922
GA,xlarge_1m,48,0.4425071617457026,3550.40576171875,783.6428833007812,175.79864501953125
GA,medium_3m,0,0.18809790532645213,327.6181945800781,67.80865478515625,202.41207885742188
GA,medium_3m,2,0.1507119784935258,180.5680694580078,87.22675323486328,180.42041015625
GA,medium_3m,1,0.12057857688594062,193.0242462158203,52.2779655456543,199.40809631347656
GA,medium_3m,3,0.19139968592557502,198.69700622558594,134.431640625,178.00958251953125
GA,medium_3m,4,0.2643565796247293,681.7681884765625,46.055782318115234,227.5679168701172
GA,medium_3m,5,0.14142956639316645,244.3813934326172,54.87693786621094,206.77682495117188
GA,medium_3m,6,0.16725844082959412,311.04095458984375,63.365013122558594,201.85372924804688
GA,medium_3m,7,0.19679020503618305,383.0407409667969,51.646034240722656,205.29576110839844
GA,medium_3m,8,0.1971270326012678,325.7810363769531,68.26924896240234,203.0055694580078
GA,medium_3m,9,0.15839955111419285,399.712890625,74.57891082763672,200.3490753173828
GA,medium_3m,10,0.201973961065318,411.20501708984375,54.72560501098633,208.156494140625
GA,medium_3m,11,0.1413382922140955,232.5740966796875,66.16275787353516,186.90028381347656
GA,medium_3m,12,0.16076204728995858,201.67066955566406,41.59037780761719,219.44915771484375
GA,medium_3m,13,0.13956574431692179,372.42498779296875,38.87553024291992,200.4117889404297
GA,medium_3m,15,0.21416582553949307,405.26092529296875,50.74477005004883,228.1361846923828
GA,medium_3m,14,0.20903214647676682,556.3165893554688,46.59684753417969,194.28785705566406
GA,medium_3m,16,0.16548886468261842,250.46522521972656,83.77227020263672,177.700927734375
GA,medium_3m,17,0.14191421941505966,80.2283935546875,81.41856384277344,180.7610321044922
GA,medium_3m,18,0.16174707103629388,389.6659240722656,42.87388229370117,208.03953552246094
GA,medium_3m,19,0.3191705114942647,579.9575805664062,78.4599609375,195.00155639648438
GA,medium_3m,20,0.11248552324925296,40.60749816894531,94.58041381835938,157.5819854736328
GA,medium_3m,21,0.2373574682534409,425.5148620605469,86.04588317871094,215.70895385742188
GA,medium_3m,23,0.15888686910159078,316.6780090332031,70.1582260131836,177.08221435546875
GA,medium_3m,22,0.18363464855666428,183.71739196777344,68.63959503173828,183.50570678710938
GA,medium_3m,24,0.1431417822126514,236.73822021484375,45.1610221862793,183.43228149414062
GA,medium_3m,25,0.1419164542647618,225.34194946289062,35.897560119628906,181.2899169921875
GA,medium_3m,26,0.1443876559347292,196.6901092529297,76.85006713867188,176.27587890625
GA,medium_3m,27,0.21937416381413008,396.02545166015625,45.38535690307617,226.74188232421875
GA,medium_3m,28,0.21910111987497716,333.485107421875,85.88658905029297,229.3674774169922
GA,medium_3m,30,0.20365736109947155,318.0699157714844,83.48643493652344,206.3358154296875
GA,medium_3m,29,0.1388023805438567,216.10455322265625,68.04200744628906,197.41226196289062
GA,medium_3m,32,0.16105280873149763,288.0408630371094,71.81283569335938,202.5357666015625
GA,medium_3m,31,0.15412775066831985,247.97052001953125,50.09926223754883,177.15066528320312
GA,medium_3m,33,0.17503151711288906,180.49510192871094,90.88397216796875,191.1785430908203
GA,medium_3m,34,0.20498959010202109,672.017578125,57.333065032958984,232.97677612304688
GA,medium_3m,35,0.1588719544238808,233.76132202148438,79.17153930664062,193.19712829589844
GA,medium_3m,36,0.2110878904079151,222.8076171875,97.4871597290039,191.8106231689453
GA,medium_3m,37,0.18955752242706253,151.73272705078125,94.3630599975586,188.05775451660156
GA,medium_3m,38,0.2146441239109324,258.26727294921875,88.1036376953125,199.15110778808594
GA,medium_3m,39,0.162544706756136,298.75299072265625,43.272300720214844,208.7213897705078
GA,medium_3m,40,0.14630948431280402,270.1327819824219,43.0345573425293,179.47894287109375
GA,medium_3m,41,0.22812814223400507,592.3029174804688,43.07808303833008,253.3968505859375
GA,medium_3m,42,0.21306369746117604,428.1454162597656,73.89051055908203,223.631591796875
GA,medium_3m,44,0.17781234999922996,453.4830017089844,58.68134689331055,201.10440063476562
GA,medium_3m,43,0.1374193552876513,268.82806396484375,75.09585571289062,225.74668884277344
GA,medium_3m,45,0.23789281750962224,591.035400390625,56.299015045166016,242.9572296142578
GA,medium_3m,46,0.11707420899014327,227.4728240966797,47.82911682128906,187.31930541992188
GA,medium_3m,49,0.18104440936562635,314.228515625,73.04511260986328,189.65545654296875
GA,medium_3m,48,0.212963957082078,238.28411865234375,89.82588958740234,190.92347717285156
GA,medium_3m,47,0.2302546921529555,395.5572814941406,67.9199447631836,209.39471435546875
GA,large_5m,0,0.26666959163381204,1143.5662841796875,235.4902801513672,211.37716674804688
GA,large_5m,3,0.2504660459419435,1190.3582763671875,227.76651000976562,205.04774475097656
GA,large_5m,1,0.3426756120070842,1663.426025390625,317.0149841308594,206.3589324951172
GA,large_5m,4,0.35175406126296316,1705.0888671875,324.3921203613281,236.06622314453125
GA,large_5m,5,0.2573136025144457,1265.154541015625,205.8941192626953,188.02841186523438
GA,large_5m,2,0.2823209313919979,972.070068359375,306.830078125,189.37217712402344
GA,large_5m,7,0.23387276353591607,954.3045654296875,235.16912841796875,185.92465209960938
GA,large_5m,6,0.2105298356334015,867.69091796875,237.68008422851562,196.41519165039062
GA,large_5m,8,0.3169237708203695,1211.7025146484375,244.70738220214844,191.20852661132812
GA,large_5m,9,0.3347604197752071,1770.207763671875,301.92315673828125,201.45748901367188
GA,large_5m,10,0.21102600371316454,924.1851196289062,220.16307067871094,201.48382568359375
GA,large_5m,11,0.32375013574494793,1185.4078369140625,370.7863464355469,183.9595489501953
GA,large_5m,14,0.32710521466785963,1677.947021484375,316.8351135253906,202.25303649902344
GA,large_5m,12,0.283911619018632,1170.0672607421875,265.74456787109375,222.34815979003906
GA,large_5m,13,0.24942528480483206,1186.9984130859375,231.62002563476562,201.2054443359375
GA,large_5m,15,0.20258953951953954,891.6133422851562,197.9515380859375,201.59324645996094
GA,large_5m,16,0.2419467235088402,1056.17041015625,213.0478057861328,220.29112243652344
GA,large_5m,17,0.29529649923550993,1046.869873046875,317.9576416015625,189.92886352539062
GA,large_5m,21,0.32319686360724975,1225.7503662109375,337.224365234375,208.7703857421875
GA,large_5m,18,0.3631581717928275,1273.306884765625,401.19677734375,213.63645935058594
GA,large_5m,20,0.20205144040842243,817.2939453125,162.06944274902344,192.05581665039062
GA,large_5m,19,0.34767278643858374,1491.98291015625,341.449462890625,223.80958557128906
GA,large_5m,23,0.3520658919161986,1734.9130859375,249.5440216064453,195.79054260253906
GA,large_5m,22,0.3671084402478733,1603.359375,308.27593994140625,204.97068786621094
GA,large_5m,24,0.3496130160834148,1530.8177490234375,286.6234130859375,185.23367309570312
GA,large_5m,25,0.29395122387659633,1192.7200927734375,317.5843811035156,179.1627960205078
GA,large_5m,26,0.2674048498057936,947.8604125976562,273.7408142089844,205.18795776367188
GA,large_5m,27,0.32809811967298574,1330.3670654296875,336.1539611816406,205.50540161132812
GA,large_5m,28,0.2013630020602556,1035.6822509765625,207.0369110107422,204.0341339111328
GA,large_5m,29,0.1943916070873224,701.9781494140625,282.0260925292969,182.35662841796875
GA,large_5m,30,0.3404439626710991,1633.9298095703125,284.0057067871094,217.19361877441406
GA,large_5m,31,0.24964921614773292,982.3834838867188,230.11349487304688,214.62213134765625
GA,large_5m,33,0.347286501650916,1416.471435546875,317.1413879394531,198.149658203125
GA,large_5m,32,0.23740313566399004,1116.2105712890625,257.2990417480469,206.345458984375
GA,large_5m,34,0.34097926376463233,1747.683837890625,272.6016845703125,210.8891143798828
GA,large_5m,37,0.34294665588721673,1492.3731689453125,258.64404296875,193.04684448242188
GA,large_5m,35,0.2658156958729223,934.2434692382812,346.56982421875,183.89022827148438
GA,large_5m,36,0.2898516950765272,1140.6634521484375,259.38555908203125,179.1984405517578
GA,large_5m,39,0.2973354462944159,1270.7542724609375,299.3097839355469,195.11976623535156
GA,large_5m,38,0.2475538580277545,870.7727661132812,314.534912109375,193.386474609375
GA,large_5m,40,0.2921193496317914,1001.25927734375,257.260986328125,174.79212951660156
GA,large_5m,41,0.3434445696109232,1867.710693359375,320.0083312988281,231.54319763183594
GA,large_5m,42,0.2477251865471523,1250.1796875,223.2227020263672,199.4483642578125
GA,large_5m,43,0.2354453578158761,725.0601196289062,284.6777648925781,196.58636474609375
GA,large_5m,44,0.28692640511630285,1384.65771484375,305.485595703125,198.9796142578125
GA,large_5m,46,0.2543112288280786,971.7155151367188,235.60824584960938,188.54653930664062
GA,large_5m,45,0.3471214492273159,1778.5789794921875,270.6454772949219,212.62318420410156
GA,large_5m,47,0.22760325510505713,1142.690673828125,191.23609924316406,223.2246856689453
GA,large_5m,48,0.28422395998675953,1511.48583984375,255.1597137451172,181.85049438476562
GA,large_5m,49,0.35974587560329896,1543.9822998046875,284.1145935058594,195.2133026123047
GA,xlarge_10m,1,0.5305363335132931,19848.384765625,5944.9755859375,196.0816650390625
GA,xlarge_10m,0,0.5158256441601855,21937.22265625,5575.44775390625,201.1476593017578
GA,xlarge_10m,11,0.5113047267506445,20188.7109375,5535.03759765625,190.812744140625
GA,xlarge_10m,2,0.540570777454682,20866.173828125,5830.767578125,194.6060333251953
GA,xlarge_10m,5,0.5357189933608042,19242.8046875,6088.47802734375,200.7652130126953
GA,xlarge_10m,4,0.5135102811832299,21613.302734375,5226.50732421875,203.28643798828125
GA,xlarge_10m,9,0.5278627477159649,20424.6796875,5589.06689453125,194.09933471679688
GA,xlarge_10m,8,0.5352144702526997,19867.30859375,5874.49609375,195.35479736328125
GA,xlarge_10m,10,0.49568651529312535,19681.998046875,5633.23681640625,193.766357421875
GA,xlarge_10m,6,0.5642822443635533,21359.443359375,5929.740234375,206.08250427246094
GA,xlarge_10m,7,0.5335859517248362,20859.638671875,5687.4677734375,209.11602783203125
GA,xlarge_10m,3,0.515775769645707,19442.1875,5772.01025390625,195.71868896484375
GA,xlarge_10m,13,0.5403016680144844,19523.5546875,5975.142578125,191.98851013183594
GA,xlarge_10m,14,0.4978171989902551,20231.384765625,5594.55029296875,193.49107360839844
GA,xlarge_10m,12,0.5324116083166561,20451.38671875,5911.82177734375,199.1436767578125
GA,xlarge_10m,15,0.490665630299318,20799.037109375,5304.783203125,197.08924865722656
GA,xlarge_10m,16,0.5320256148066034,21107.43359375,5741.2861328125,199.3483123779297
GA,xlarge_10m,21,0.5339050881602123,20077.966796875,5849.27685546875,190.47303771972656
GA,xlarge_10m,22,0.5358117702383591,19866.244140625,6041.4013671875,200.5045928955078
GA,xlarge_10m,18,0.5329980936332388,20266.373046875,5741.810546875,191.4490509033203
GA,xlarge_10m,17,0.5249770261558464,19959.87109375,5775.1240234375,188.9315948486328
GA,xlarge_10m,19,0.5263718160549362,20030.40234375,5930.787109375,201.0316619873047
GA,xlarge_10m,24,0.520449603025745,19594.80078125,5500.9208984375,193.25067138671875
GA,xlarge_10m,23,0.5165513413481705,20768.6171875,5510.65087890625,198.69717407226562
GA,xlarge_10m,20,0.5101963533374922,20782.3046875,5693.64404296875,195.51300048828125
GA,xlarge_10m,26,0.5086591040681123,20667.03125,5753.54443359375,194.38436889648438
GA,xlarge_10m,25,0.5258456999597827,21583.875,5514.52978515625,193.7000732421875
GA,xlarge_10m,27,0.5221378640139456,22744.876953125,5678.42529296875,206.37339782714844
GA,xlarge_10m,29,0.5274803713797949,20105.9921875,5636.87255859375,195.18405151367188
GA,xlarge_10m,28,0.5150029224664014,22376.28125,5661.32421875,200.4598846435547
GA,xlarge_10m,30,0.5316400914962106,21456.423828125,5715.16650390625,191.49838256835938
GA,xlarge_10m,31,0.5174866659685272,20902.724609375,5587.01220703125,192.14431762695312
GA,xlarge_10m,32,0.5356529801804155,20248.615234375,5953.1171875,198.2228546142578
GA,xlarge_10m,35,0.520551494100999,19623.16015625,5676.69580078125,187.73716735839844
GA,xlarge_10m,34,0.570718099534562,20565.130859375,6150.16455078125,202.97723388671875
GA,xlarge_10m,33,0.5450077876143671,19348.134765625,6221.96044921875,198.3096466064453
GA,xlarge_10m,36,0.5541184195116007,20887.7734375,5782.078125,189.92166137695312
GA,xlarge_10m,42,0.5487183333575685,20270.646484375,5879.45654296875,199.74029541015625
GA,xlarge_10m,37,0.5382055244264277,19609.28125,6179.13134765625,193.86074829101562
GA,xlarge_10m,38,0.543315924079306,20193.740234375,5697.9482421875,190.96572875976562
GA,xlarge_10m,40,0.5156379176530237,20005.900390625,5435.435546875,199.16079711914062
GA,xlarge_10m,41,0.5425599619289613,22034.61328125,5711.7607421875,203.16981506347656
GA,xlarge_10m,39,0.5215112694024594,20369.412109375,5642.89892578125,199.34983825683594
GA,xlarge_10m,43,0.5314339008902936,19162.796875,6039.97998046875,196.20509338378906
GA,xlarge_10m,45,0.5346556257148649,21195.685546875,5902.0068359375,199.96102905273438
GA,xlarge_10m,44,0.5079990124600131,18833.849609375,6181.298828125,186.9694061279297
GA,xlarge_10m,46,0.5218409124515846,19645.357421875,6061.7646484375,186.49517822265625
GA,xlarge_10m,47,0.5118128280233342,20313.861328125,5607.79150390625,199.41372680664062
GA,xlarge_10m,48,0.5038897403803264,20722.09375,5308.42578125,197.4278106689453
GA,xlarge_10m,49,0.5308996620125861,20864.91796875,5785.9052734375,202.55628967285156
Hybrid,tiny_1m,0,0.09287640700599721,10.537971496582031,11.094624519348145,138.06654357910156
Hybrid,tiny_1m,2,0.08496068519013107,0.0,18.450048446655273,153.1282958984375
Hybrid,tiny_1m,4,0.27140001318771506,242.54835510253906,15.838558197021484,203.9340362548828
Hybrid,tiny_1m,3,0.16056798237635037,12.03422737121582,14.325055122375488,141.01885986328125
Hybrid,tiny_1m,6,0.1731797414407954,84.15937042236328,15.309364318847656,179.23031616210938
Hybrid,tiny_1m,5,0.32216820603751717,130.82606506347656,14.154376983642578,173.70413208007812
Hybrid,tiny_1m,10,0.3662445927057997,48.96864700317383,46.448726654052734,195.0268096923828
Hybrid,tiny_1m,7,0.2663322248208495,48.557289123535156,21.505203247070312,188.5420379638672
Hybrid,tiny_1m,1,0.3613500392353889,150.21493530273438,19.08132553100586,191.0213623046875
Hybrid,tiny_1m,8,0.3333903615995706,119.4327621459961,35.09882736206055,223.3079071044922
Hybrid,tiny_1m,13,0.26782341296099904,120.84407043457031,12.249305725097656,194.65972900390625
Hybrid,tiny_1m,11,0.11103241727788968,4.077537536621094,22.4799747467041,121.08285522460938
Hybrid,tiny_1m,9,0.29840814876243477,141.47792053222656,7.64471960067749,216.3275604248047
Hybrid,tiny_1m,12,0.28142867885724476,0.0,63.10044860839844,158.4896240234375
Hybrid,tiny_1m,14,0.22325592902943894,165.19419860839844,17.496889114379883,216.56005859375
Hybrid,tiny_1m,15,0.3424290218480161,49.908912658691406,57.968467712402344,183.16336059570312
Hybrid,tiny_1m,16,0.27471730642131204,24.01844024658203,76.75973510742188,164.6125030517578
Hybrid,tiny_1m,17,0.236314332186722,6.614715576171875,44.93488311767578,166.68968200683594
Hybrid,tiny_1m,19,0.2302700671610926,87.72159576416016,33.18827438354492,151.2781982421875
Hybrid,tiny_1m,18,0.17904028985885123,68.51101684570312,10.966800689697266,173.15762329101562
Hybrid,tiny_1m,20,0.3260299652997265,0.0,55.07637023925781,151.59300231933594
Hybrid,tiny_1m,21,0.40263499675226766,29.098812103271484,75.67588806152344,205.34878540039062
Hybrid,tiny_1m,22,0.2712125466103882,40.46270751953125,29.198970794677734,140.37002563476562
Hybrid,tiny_1m,23,0.17348034535623247,27.350936889648438,26.854225158691406,163.87957763671875
Hybrid,tiny_1m,24,0.24861461388808564,110.65023040771484,17.714588165283203,169.4853973388672
Hybrid,tiny_1m,26,0.30932054034266715,13.703983306884766,39.4984016418457,178.80999755859375
Hybrid,tiny_1m,27,0.19615006705725765,0.0,70.7979507446289,179.16331481933594
Hybrid,tiny_1m,25,0.10383398979490714,0.0,19.944698333740234,88.5591812133789
Hybrid,tiny_1m,30,0.16882897359667387,24.150375366210938,32.45207977294922,157.67916870117188
Hybrid,tiny_1m,28,0.24931997483985802,31.722721099853516,58.563873291015625,189.68312072753906
Hybrid,tiny_1m,29,0.24712891468536435,0.0,71.78724670410156,133.4059600830078
Hybrid,tiny_1m,31,0.09423972423342254,4.490142822265625,30.12694549560547,190.68820190429688
Hybrid,tiny_1m,32,0.2147407208658793,7.201393127441406,35.91199493408203,162.1641845703125
Hybrid,tiny_1m,34,0.1406646846665887,2.227081298828125,33.51226043701172,163.886474609375
Hybrid,tiny_1m,33,0.18077798549225926,50.064048767089844,16.44771957397461,185.63589477539062
Hybrid,tiny_1m,35,0.2463671003226971,113.55169677734375,12.701985359191895,188.05126953125
Hybrid,tiny_1m,36,0.11229437335018436,0.0,11.64482593536377,177.9543914794922
Hybrid,tiny_1m,37,0.20191955334315542,58.36168670654297,26.41217041015625,173.6906280517578
Hybrid,tiny_1m,38,0.24521953518625977,107.73670196533203,20.487071990966797,199.52328491210938
Hybrid,tiny_1m,40,0.30081400717509943,184.84323120117188,21.596548080444336,203.11427307128906
Hybrid,tiny_1m,39,0.24749931980446288,39.787296295166016,33.95479965209961,155.51219177246094
Hybrid,tiny_1m,41,0.43729913401344256,164.48617553710938,66.91561889648438,241.2012176513672
Hybrid,tiny_1m,44,0.15592021874016795,0.7499465942382812,67.39640808105469,152.70388793945312
Hybrid,tiny_1m,42,0.4375054234099544,50.54624938964844,42.69305419921875,212.95880126953125
Hybrid,tiny_1m,45,0.3156573739111034,214.6707763671875,10.983985900878906,206.34933471679688
Hybrid,tiny_1m,43,0.18196184995767498,41.74172592163086,27.773754119873047,158.46238708496094
Hybrid,tiny_1m,46,0.16981751514637405,41.482765197753906,17.606094360351562,189.23361206054688
Hybrid,tiny_1m,47,0.35584788830956504,142.5795440673828,17.004302978515625,201.8688507080078
Hybrid,tiny_1m,48,0.4286556812474007,77.44567108154297,64.70535278320312,203.69442749023438
Hybrid,tiny_1m,49,0.30283574924081735,77.56707763671875,48.46190643310547,189.86666870117188
Hybrid,small_1m,0,0.20314601950707212,320.0907897949219,25.528194427490234,183.36695861816406
Hybrid,small_1m,2,0.18148739031159555,35.93199920654297,71.3779067993164,154.08197021484375
Hybrid,small_1m,1,0.23633157173027997,137.8994140625,63.18265151977539,180.2957000732422
Hybrid,small_1m,4,0.18253089668669767,95.19451141357422,77.87840270996094,199.41403198242188
Hybrid,small_1m,3,0.23112671074323252,32.14555358886719,71.70408630371094,148.93099975585938
Hybrid,small_1m,5,0.15433177705952167,176.89707946777344,23.350223541259766,155.68504333496094
Hybrid,small_1m,7,0.3096821640260139,128.18142700195312,75.74929809570312,200.43495178222656
Hybrid,small_1m,6,0.23946085811432105,129.44766235351562,61.54765701293945,177.83724975585938
Hybrid,small_1m,8,0.16942085233998208,75.61964416503906,59.19393539428711,177.96405029296875
Hybrid,small_1m,9,0.3489792759158862,158.65293884277344,94.66573333740234,214.95809936523438
Hybrid,small_1m,10,0.21683240464512568,132.32130432128906,81.26443481445312,197.2423095703125
Hybrid,small_1m,11,0.24343233484703425,275.0299072265625,35.759315490722656,151.0977325439453
Hybrid,small_1m,12,0.19887100926420434,21.1070613861084,72.5467758178711,171.6508026123047
Hybrid,small_1m,13,0.2765870892435168,164.3861083984375,83.74983978271484,214.5945281982422
Hybrid,small_1m,14,0.2777080373437178,394.9665832519531,26.749164581298828,206.7120819091797
Hybrid,small_1m,15,0.24122511053378953,123.5303955078125,87.61289978027344,180.9158477783203
Hybrid,small_1m,20,0.17404246316559344,45.073768615722656,51.48637390136719,155.080322265625
Hybrid,small_1m,19,0.21342054516024017,87.89710235595703,75.34991455078125,186.910400390625
Hybrid,small_1m,18,0.19750789217847958,64.62203216552734,50.86920166015625,175.5769805908203
Hybrid,small_1m,16,0.2778937627229453,111.92152404785156,76.21736145019531,170.1457977294922
Hybrid,small_1m,17,0.17169998696366745,118.97896575927734,38.404518127441406,157.22491455078125
Hybrid,small_1m,22,0.2251642017726436,40.91509246826172,68.64201354980469,180.87286376953125
Hybrid,small_1m,23,0.2961007414026223,70.7251968383789,74.35023498535156,174.07452392578125
Hybrid,small_1m,21,0.1667186321652554,138.44447326660156,21.213951110839844,194.4672088623047
Hybrid,small_1m,24,0.20223589029766453,228.24571228027344,27.327651977539062,183.24627685546875
Hybrid,small_1m,27,0.17561511071277283,88.47428131103516,67.61402893066406,167.868408203125
Hybrid,small_1m,26,0.19149513200694415,38.370079040527344,85.30258178710938,164.01083374023438
Hybrid,small_1m,25,0.19018693552981294,22.92231559753418,73.30242919921875,129.80044555664062
Hybrid,small_1m,29,0.1450703872342251,3.36383056640625,87.89773559570312,116.60691833496094
Hybrid,small_1m,28,0.28319946827911824,147.42897033691406,84.95952606201172,205.34376525878906
Hybrid,small_1m,30,0.20679482320905637,5.556278228759766,59.528968811035156,162.91009521484375
Hybrid,small_1m,31,0.1900736568636408,51.19684600830078,89.77505493164062,163.48464965820312
Hybrid,small_1m,37,0.1399736837543644,37.243995666503906,57.05744934082031,158.57896423339844
Hybrid,small_1m,32,0.28883220683572663,291.193359375,38.66590881347656,200.14834594726562
Hybrid,small_1m,33,0.1757511443017065,119.2210922241211,25.870412826538086,175.59715270996094
Hybrid,small_1m,34,0.2710277982709942,156.5317840576172,86.582763671875,212.3590850830078
Hybrid,small_1m,35,0.2825999313973281,207.30111694335938,75.23431396484375,199.71258544921875
Hybrid,small_1m,36,0.2369797994186435,99.87483215332031,87.14275360107422,176.20468139648438
Hybrid,small_1m,39,0.18578286749597936,39.57606506347656,60.161582946777344,175.3942108154297
Hybrid,small_1m,38,0.23387138108285924,70.84322357177734,86.45101165771484,188.3467559814453
Hybrid,small_1m,41,0.2399151724786597,191.77806091308594,29.383682250976562,194.84332275390625
Hybrid,small_1m,40,0.1877059499276398,216.32908630371094,25.382474899291992,199.66697692871094
Hybrid,small_1m,42,0.29973807174931555,230.7041015625,62.83405303955078,203.3913116455078
Hybrid,small_1m,43,0.1926984322360794,117.34209442138672,47.87806701660156,156.02377319335938
Hybrid,small_1m,44,0.18894249518699435,64.78234100341797,59.14983367919922,166.7793731689453
Hybrid,small_1m,45,0.2089465599852578,241.08267211914062,26.033716201782227,207.09173583984375
Hybrid,small_1m,46,0.303689115485156,92.55551147460938,94.20423889160156,199.74298095703125
Hybrid,small_1m,47,0.20904862878850494,186.0869140625,27.7440185546875,175.17987060546875
Hybrid,small_1m,48,0.27925992102978364,273.43408203125,35.732608795166016,192.6379852294922
Hybrid,small_1m,49,0.20088763122836112,138.86573791503906,54.95634078979492,175.33006286621094
Hybrid,medium_1m,0,0.19244305680155366,356.60205078125,92.77677917480469,177.10440063476562
Hybrid,medium_1m,1,0.2325502369931879,365.952392578125,101.36705780029297,165.23265075683594
Hybrid,medium_1m,2,0.20732533197542358,233.5377197265625,112.0105972290039,164.4326171875
Hybrid,medium_1m,4,0.2697076119414523,468.13037109375,140.31210327148438,209.80596923828125
Hybrid,medium_1m,5,0.18839023382515466,229.6329803466797,109.93635559082031,174.73150634765625
Hybrid,medium_1m,3,0.23753308389561445,288.7447204589844,105.2496566772461,165.3344268798828
Hybrid,medium_1m,6,0.20043575259859822,204.30722045898438,111.32579040527344,176.43869018554688
Hybrid,medium_1m,9,0.21042388007366514,420.2051696777344,115.09780883789062,195.1080322265625
Hybrid,medium_1m,8,0.23263188416711,245.481689453125,117.3450698852539,167.1930694580078
Hybrid,medium_1m,7,0.24055294813720196,295.4331359863281,112.64114379882812,194.13929748535156
Hybrid,medium_1m,10,0.23412386535699573,430.6004638671875,90.39323425292969,198.51463317871094
Hybrid,medium_1m,11,0.19427871956432696,358.0982971191406,65.66075897216797,164.9913330078125
Hybrid,medium_1m,13,0.17500807070765306,316.5410461425781,103.09575653076172,188.569091796875
Hybrid,medium_1m,12,0.19834115978464095,166.96304321289062,99.32463836669922,154.10360717773438
Hybrid,medium_1m,15,0.22215296955793284,389.76385498046875,87.48200225830078,188.83802795410156
Hybrid,medium_1m,14,0.25803440591368665,408.2668762207031,114.98734283447266,196.34848022460938
Hybrid,medium_1m,16,0.20400353460473267,298.2570495605469,109.01744079589844,173.06459045410156
Hybrid,medium_1m,18,0.2440642582760173,374.2074279785156,107.71392059326172,191.82373046875
Hybrid,medium_1m,22,0.20258183552735232,204.11717224121094,100.18461608886719,167.99313354492188
Hybrid,medium_1m,20,0.18140445509667116,113.12030029296875,121.76905059814453,145.49566650390625
Hybrid,medium_1m,21,0.26632518585650417,476.1532287597656,110.70089721679688,191.26380920410156
Hybrid,medium_1m,17,0.15770273719458283,137.7707977294922,100.76048278808594,157.1862335205078
Hybrid,medium_1m,23,0.1998129804849874,224.02029418945312,112.96700286865234,166.350341796875
Hybrid,medium_1m,19,0.29230032673743717,496.777099609375,116.43378448486328,194.2582550048828
Hybrid,medium_1m,24,0.17973146299279885,150.41334533691406,101.55259704589844,173.9866943359375
Hybrid,medium_1m,25,0.14576967983828662,73.80810546875,77.93463897705078,158.84646606445312
Hybrid,medium_1m,26,0.18908222795777274,287.073486328125,110.94571685791016,172.55075073242188
Hybrid,medium_1m,27,0.18386381430442245,126.87162780761719,131.97393798828125,174.34033203125
Hybrid,medium_1m,29,0.1772352655298977,194.59121704101562,104.25733947753906,161.3970947265625
Hybrid,medium_1m,28,0.24379119032504007,498.4111022949219,65.21847534179688,181.147705078125
Hybrid,medium_1m,30,0.24345710981571173,210.26316833496094,148.0679473876953,185.4595489501953
Hybrid,medium_1m,31,0.15681803422330648,87.5712890625,98.11981964111328,161.22116088867188
Hybrid,medium_1m,32,0.22046815065285835,398.7622985839844,106.629150390625,177.56739807128906
Hybrid,medium_1m,36,0.25521110496070987,243.9897003173828,120.38001251220703,169.60809326171875
Hybrid,medium_1m,33,0.22612830126305583,177.6040496826172,122.93437194824219,157.7262420654297
Hybrid,medium_1m,35,0.17128245382580623,172.08212280273438,106.99441528320312,168.8293914794922
Hybrid,medium_1m,37,0.17501270597916052,75.56076049804688,145.003662109375,159.27232360839844
Hybrid,medium_1m,38,0.2311429526216787,194.1351776123047,110.81074523925781,175.13360595703125
Hybrid,medium_1m,34,0.26768562559592896,538.20166015625,97.0608901977539,210.88418579101562
Hybrid,medium_1m,42,0.19737302016830768,318.1991271972656,94.9204330444336,192.88812255859375
Hybrid,medium_1m,39,0.2025321456671375,381.6195373535156,73.94573974609375,172.30572509765625
Hybrid,medium_1m,40,0.19368345492096728,260.357666015625,76.64994812011719,166.93954467773438
Hybrid,medium_1m,41,0.24220115554107385,464.90228271484375,85.80691528320312,195.21884155273438
Hybrid,medium_1m,43,0.26932320756670225,397.3558044433594,104.3324203491211,170.50738525390625
Hybrid,medium_1m,44,0.25139917036282916,225.09085083007812,157.1117706298828,190.7942657470703
Hybrid,medium_1m,45,0.29492440297332545,714.566650390625,68.26318359375,209.21188354492188
Hybrid,medium_1m,47,0.20104277324237557,342.3646545410156,127.5035171508789,190.71728515625
Hybrid,medium_1m,46,0.1370994055814788,125.52086639404297,111.44425964355469,177.5553436279297
Hybrid,medium_1m,48,0.20733618483086463,161.25758361816406,122.86842346191406,176.1566162109375
Hybrid,medium_1m,49,0.2158094082780379,439.62335205078125,89.20736694335938,175.60755920410156
Hybrid,large_1m,5,0.2081578389198745,803.8439331054688,205.772216796875,170.18455505371094
Hybrid,large_1m,0,0.2281309696239201,1097.3160400390625,208.80709838867188,179.93540954589844
Hybrid,large_1m,1,0.2045675308868357,851.98876953125,225.46656799316406,178.93142700195312
Hybrid,large_1m,4,0.22323149433729558,1133.9796142578125,192.621826171875,191.3278350830078
Hybrid,large_1m,3,0.18426834861287777,669.6431884765625,207.1935577392578,176.3701629638672
Hybrid,large_1m,2,0.201741951541258,852.9483642578125,147.80369567871094,172.38601684570312
Hybrid,large_1m,7,0.2223134802326352,780.0424194335938,230.30503845214844,173.4701385498047
Hybrid,large_1m,6,0.18130592807608148,832.7022094726562,208.96437072753906,175.52322387695312
Hybrid,large_1m,8,0.18020790503696715,713.0183715820312,150.169921875,159.8082733154297
Hybrid,large_1m,9,0.21841724223037667,981.4366455078125,207.91873168945312,187.73358154296875
Hybrid,large_1m,10,0.23359910208637244,1040.931396484375,158.69451904296875,174.58096313476562
Hybrid,large_1m,11,0.17952839267563825,612.14111328125,222.66770935058594,164.150634765625
Hybrid,large_1m,12,0.1538876158081141,799.6761474609375,146.37200927734375,175.04783630371094
Hybrid,large_1m,13,0.2513728524212059,1532.7142333984375,135.97279357910156,185.7034149169922
Hybrid,large_1m,14,0.21650955362257526,1083.717041015625,160.15907287597656,188.43943786621094
Hybrid,large_1m,15,0.20777361768059646,1048.55029296875,194.80328369140625,173.7524871826172
Hybrid,large_1m,16,0.19547862618123776,928.9996337890625,184.07106018066406,180.63673400878906
Hybrid,large_1m,18,0.1849019233738963,797.4091186523438,194.02987670898438,168.7085723876953
Hybrid,large_1m,17,0.19641263004280163,756.4031372070312,209.34710693359375,165.70167541503906
Hybrid,large_1m,21,0.22612670209389346,816.64697265625,213.53240966796875,171.7227783203125
Hybrid,large_1m,20,0.20057347808206805,580.5970458984375,213.2645721435547,158.87635803222656
Hybrid,large_1m,19,0.20639025297843905,880.3768310546875,187.7744140625,177.8839569091797
Hybrid,large_1m,23,0.20225525966385904,943.7440795898438,221.4021759033203,179.9344024658203
Hybrid,large_1m,22,0.20317828795321455,701.0140991210938,220.2141876220703,174.3887481689453
Hybrid,large_1m,24,0.1745067719276283,658.833740234375,172.37075805664062,168.89405822753906
Hybrid,large_1m,25,0.18584922023724376,605.826904296875,184.2631072998047,156.214111328125
Hybrid,large_1m,26,0.1887075307301206,870.0674438476562,141.24473571777344,171.68338012695312
Hybrid,large_1m,27,0.20944639679293303,898.32861328125,197.4508056640625,174.03469848632812
Hybrid,large_1m,28,0.18190786091315694,918.0733032226562,153.1815948486328,183.60939025878906
Hybrid,large_1m,29,0.19587400612660877,809.5186157226562,234.04428100585938,170.3026885986328
Hybrid,large_1m,30,0.23880018653385582,1132.7088623046875,189.34762573242188,174.8484344482422
Hybrid,large_1m,31,0.19435904263736709,877.1697387695312,185.95379638671875,175.13914489746094
Hybrid,large_1m,32,0.18574745945032914,893.3394165039062,176.32786560058594,179.081298828125
Hybrid,large_1m,33,0.1770960135283982,760.1114501953125,190.7012176513672,171.80751037597656
Hybrid,large_1m,34,0.2072939736385785,1057.4588623046875,189.29270935058594,180.47193908691406
Hybrid,large_1m,37,0.2113582420140914,750.29248046875,203.79177856445312,163.06756591796875
Hybrid,large_1m,35,0.221245634638571,899.0934448242188,211.9477996826172,165.92556762695312
Hybrid,large_1m,36,0.18215482535259603,618.18896484375,204.29806518554688,165.33499145507812
Hybrid,large_1m,39,0.23832540610691655,1205.3961181640625,128.79000854492188,176.0390167236328
Hybrid,large_1m,38,0.2107058137358988,624.5592041015625,234.33148193359375,167.29788208007812
Hybrid,large_1m,40,0.15304365755067853,402.4569396972656,192.45062255859375,151.4936065673828
Hybrid,large_1m,41,0.19842570402252818,1071.532470703125,221.5501251220703,190.8618621826172
Hybrid,large_1m,42,0.1811809972075022,928.7781982421875,168.01422119140625,181.3094940185547
Hybrid,large_1m,44,0.23364338020100628,1212.0159912109375,198.03086853027344,182.76412963867188
Hybrid,large_1m,43,0.16971273284317362,669.2496948242188,180.8420867919922,159.39634704589844
Hybrid,large_1m,45,0.18846269930813697,867.3140258789062,187.38531494140625,179.75411987304688
Hybrid,large_1m,46,0.17942984847252147,748.5536499023438,185.63009643554688,169.63165283203125
Hybrid,large_1m,47,0.23150637524850498,1243.712158203125,181.86863708496094,188.5390625
Hybrid,large_1m,48,0.21963121657028734,961.8277587890625,165.68423461914062,165.2379913330078
Hybrid,large_1m,49,0.20586157637146368,856.4097900390625,232.63418579101562,175.49322509765625
Hybrid,xlarge_1m,0,0.3626919932862904,3190.50830078125,822.4904174804688,190.56564331054688
Hybrid,xlarge_1m,1,0.3411009037755832,3088.5517578125,637.6271362304688,179.616943359375
Hybrid,xlarge_1m,3,0.27748423080828366,2503.9619140625,553.2451171875,177.69895935058594
Hybrid,xlarge_1m,2,0.24425054475856917,1873.4971923828125,391.19146728515625,168.07199096679688
Hybrid,xlarge_1m,5,0.22363289287458488,2246.736083984375,385.07635498046875,177.88795471191406
Hybrid,xlarge_1m,6,0.2511942246723007,2642.777587890625,398.71221923828125,182.537353515625
Hybrid,xlarge_1m,4,0.27421037940497645,2560.2958984375,489.2826843261719,183.99240112304688
Hybrid,xlarge_1m,7,0.3430163210846442,2901.4990234375,655.5105590820312,172.3475341796875
Hybrid,xlarge_1m,8,0.2342388226509487,1591.98486328125,440.4677429199219,162.54339599609375
Hybrid,xlarge_1m,10,0.2885042916342149,2231.970703125,456.6286926269531,172.8744354248047
Hybrid,xlarge_1m,9,0.24169518766998946,2525.571044921875,379.2322082519531,181.8302459716797
Hybrid,xlarge_1m,11,0.2073769698079822,1653.7242431640625,413.33154296875,162.08538818359375
Hybrid,xlarge_1m,12,0.2555019333275709,2036.204345703125,553.0153198242188,183.18865966796875
Hybrid,xlarge_1m,13,0.2603038583024997,2708.3837890625,395.94207763671875,184.60531616210938
Hybrid,xlarge_1m,14,0.36189876468806914,3316.37451171875,669.4952392578125,181.79701232910156
Hybrid,xlarge_1m,15,0.26430763315169997,2484.59814453125,415.71551513671875,177.77488708496094
Hybrid,xlarge_1m,18,0.3078309996875143,2769.325927734375,651.785400390625,177.1747283935547
Hybrid,xlarge_1m,17,0.2685168734482799,1947.121826171875,534.7715454101562,167.19418334960938
Hybrid,xlarge_1m,16,0.24374869814438305,2350.44384765625,420.23248291015625,179.0259552001953
Hybrid,xlarge_1m,20,0.3102717175099947,2125.93701171875,577.8380126953125,166.91998291015625
Hybrid,xlarge_1m,19,0.23098776839987203,2117.0625,416.6341247558594,177.99008178710938
Hybrid,xlarge_1m,22,0.29352086940258754,2794.869384765625,442.5045166015625,181.90853881835938
Hybrid,xlarge_1m,21,0.2507345399225035,2364.441162109375,380.65655517578125,173.5271453857422
Hybrid,xlarge_1m,25,0.24532341091104226,1905.52880859375,466.0727233886719,162.74807739257812
Hybrid,xlarge_1m,23,0.3038025029138591,2444.127685546875,701.1681518554688,180.74185180664062
Hybrid,xlarge_1m,24,0.2843235056308808,2216.194580078125,511.64227294921875,173.9793701171875
Hybrid,xlarge_1m,26,0.24905108681714394,2209.147705078125,463.2906188964844,175.78500366210938
Hybrid,xlarge_1m,28,0.2609032209903178,2795.421142578125,465.8810729980469,188.5679168701172
Hybrid,xlarge_1m,27,0.26890693382441644,2499.079345703125,382.6600341796875,177.375
Hybrid,xlarge_1m,29,0.292508969685776,2339.61083984375,528.9297485351562,169.73358154296875
Hybrid,xlarge_1m,30,0.24128695405580972,2030.8958740234375,429.9836120605469,175.32093811035156
Hybrid,xlarge_1m,31,0.2472240349413296,2409.68603515625,455.7848815917969,179.90408325195312
Hybrid,xlarge_1m,34,0.2639958741092034,2423.780029296875,518.11279296875,178.97535705566406
Hybrid,xlarge_1m,33,0.25867813119162997,2087.775390625,554.9017333984375,173.82640075683594
Hybrid,xlarge_1m,32,0.2971202035455942,3200.72265625,456.98809814453125,181.1494140625
Hybrid,xlarge_1m,35,0.25296917894927073,1952.5911865234375,480.1206359863281,169.338623046875
Hybrid,xlarge_1m,37,0.2627335946586842,1914.09326171875,468.280517578125,166.26434326171875
Hybrid,xlarge_1m,36,0.2973975641363138,2409.259521484375,513.001953125,170.41827392578125
Hybrid,xlarge_1m,39,0.27303131502599054,2566.121826171875,376.3655090332031,179.00047302246094
Hybrid,xlarge_1m,38,0.23093173947141965,1515.19287109375,508.2391357421875,161.31150817871094
Hybrid,xlarge_1m,41,0.2844301424783194,2950.58642578125,457.01025390625,185.57513427734375
Hybrid,xlarge_1m,40,0.2371856697525359,1958.3243408203125,411.74163818359375,164.18417358398438
Hybrid,xlarge_1m,42,0.381734353162705,2631.16748046875,794.0409545898438,176.02951049804688
Hybrid,xlarge_1m,43,0.2865146644933252,2665.30078125,534.805908203125,175.95606994628906
Hybrid,xlarge_1m,44,0.27286408862440603,2423.7587890625,493.39654541015625,180.97613525390625
Hybrid,xlarge_1m,45,0.3076312158271011,2506.565185546875,549.5567016601562,175.52154541015625
Hybrid,xlarge_1m,46,0.35782951102013427,2825.330810546875,827.996337890625,175.6995086669922
Hybrid,xlarge_1m,47,0.3366382669170414,3325.5576171875,685.1019897460938,184.30406188964844
Hybrid,xlarge_1m,49,0.27358820863829636,2168.406005859375,459.583251953125,173.5029296875
Hybrid,xlarge_1m,48,0.2726398253102263,2436.46337890625,355.5332946777344,169.8211212158203
Hybrid,medium_3m,0,0.17739003443047682,315.28851318359375,77.81887817382812,206.94973754882812
Hybrid,medium_3m,1,0.1833908415937041,204.09661865234375,105.75686645507812,171.10548400878906
Hybrid,medium_3m,2,0.19334917803457663,248.06553649902344,99.38397979736328,194.90213012695312
Hybrid,medium_3m,4,0.20856417247411788,598.3353881835938,44.03123092651367,233.67552185058594
Hybrid,medium_3m,3,0.16135526750464965,239.7278289794922,90.36664581298828,200.12107849121094
Hybrid,medium_3m,5,0.2102287898308697,346.58477783203125,59.97687530517578,201.988037109375
Hybrid,medium_3m,7,0.1998379262750389,441.3512878417969,70.00480651855469,223.07366943359375
Hybrid,medium_3m,6,0.20321096314061632,426.5090637207031,60.308624267578125,206.3625030517578
Hybrid,medium_3m,8,0.1405489670608332,223.5550994873047,45.78682327270508,176.36550903320312
Hybrid,medium_3m,9,0.16775839569340362,449.2170104980469,50.18015670776367,208.35400390625
Hybrid,medium_3m,10,0.19171382445904486,483.0921325683594,49.0416374206543,209.07687377929688
Hybrid,medium_3m,11,0.1085142126846556,155.4634552001953,63.343196868896484,188.08824157714844
Hybrid,medium_3m,12,0.19080578766986284,217.8522186279297,60.16960906982422,219.44915771484375
Hybrid,medium_3m,13,0.1593451824122659,343.04815673828125,63.09670639038086,200.4117889404297
Hybrid,medium_3m,14,0.19536065324053975,371.9300842285156,59.659786224365234,211.3014373779297
Hybrid,medium_3m,15,0.221421815435605,396.12127685546875,67.31988525390625,195.64614868164062
Hybrid,medium_3m,16,0.2370982472709894,300.23785400390625,92.76713562011719,213.6714630126953
Hybrid,medium_3m,18,0.20915753060033893,388.7911071777344,52.59420394897461,208.57728576660156
Hybrid,medium_3m,19,0.25718979603200604,545.8386840820312,74.75373840332031,224.52752685546875
Hybrid,medium_3m,17,0.2000771468371806,405.74005126953125,55.71341323852539,201.2491912841797
Hybrid,medium_3m,20,0.09884868039435767,107.14346313476562,61.381256103515625,147.98634338378906
Hybrid,medium_3m,21,0.1596645830820697,397.2687072753906,56.62541961669922,213.40493774414062
Hybrid,medium_3m,22,0.16265407250992478,175.1895751953125,65.75874328613281,181.42774963378906
Hybrid,medium_3m,23,0.14424793542583408,184.8257293701172,78.64234161376953,168.92909240722656
Hybrid,medium_3m,24,0.11991051402599236,222.39942932128906,54.694923400878906,183.43228149414062
Hybrid,medium_3m,25,0.16542830341226966,176.38853454589844,70.40972137451172,193.353271484375
Hybrid,medium_3m,27,0.21619206763843216,314.36285400390625,91.14942169189453,211.13711547851562
Hybrid,medium_3m,26,0.13298598302799985,202.10011291503906,70.85643005371094,193.9844970703125
Hybrid,medium_3m,29,0.16157052932975624,158.5663299560547,94.23733520507812,200.70828247070312
Hybrid,medium_3m,28,0.17347286553761915,351.11065673828125,75.82559967041016,214.57374572753906
Hybrid,medium_3m,30,0.21951654863888131,325.8907165527344,97.54400634765625,194.85049438476562
Hybrid,medium_3m,32,0.17737565324786875,382.94683837890625,56.6590576171875,221.5486297607422
Hybrid,medium_3m,31,0.16154308451679666,181.1248016357422,74.0970458984375,166.30828857421875
Hybrid,medium_3m,33,0.13756379885869877,196.84913635253906,49.81254196166992,184.4409637451172
Hybrid,medium_3m,34,0.1911982965717561,586.122314453125,59.613609313964844,238.9787139892578
Hybrid,medium_3m,35,0.13836874586362047,179.95928955078125,82.77655029296875,186.44744873046875
Hybrid,medium_3m,36,0.19293004531088792,198.91319274902344,114.25109100341797,188.87692260742188
Hybrid,medium_3m,37,0.20850207267660759,217.22979736328125,81.27931213378906,207.0420379638672
Hybrid,medium_3m,38,0.2128442047951895,252.3334503173828,79.01522827148438,184.89010620117188
Hybrid,medium_3m,40,0.18697790949667648,254.81414794921875,72.5343017578125,194.8990936279297
Hybrid,medium_3m,39,0.1264193353423893,313.9479064941406,27.119827270507812,208.7213897705078
Hybrid,medium_3m,42,0.21976332642174812,473.4364318847656,60.344757080078125,219.49819946289062
Hybrid,medium_3m,41,0.22102990074684026,498.5682678222656,59.51984405517578,207.77603149414062
Hybrid,medium_3m,43,0.1576819719555792,276.3095397949219,83.9663314819336,225.74668884277344
Hybrid,medium_3m,45,0.20975803464649095,576.3883666992188,41.26837921142578,217.4523468017578
Hybrid,medium_3m,44,0.18938414984604882,388.290771484375,63.298187255859375,197.33193969726562
Hybrid,medium_3m,46,0.15435641240414144,225.0642547607422,71.19843292236328,176.2471160888672
Hybrid,medium_3m,48,0.2006961094986981,281.9254455566406,88.12972259521484,181.4598846435547
Hybrid,medium_3m,47,0.19740917570317099,408.5754699707031,86.2596664428711,203.61740112304688
Hybrid,medium_3m,49,0.18359475418115961,362.9606018066406,67.62428283691406,207.38880920410156
Hybrid,large_5m,0,0.24938213509982288,1163.038818359375,216.53892517089844,207.34268188476562
Hybrid,large_5m,1,0.2345958189676342,1101.7501220703125,255.42181396484375,196.91387939453125
Hybrid,large_5m,3,0.21338736542976933,900.871337890625,219.6099090576172,213.1214141845703
Hybrid,large_5m,2,0.27166497382802346,1207.0203857421875,231.813232421875,188.2579803466797
Hybrid,large_5m,4,0.2669800318347712,1231.4569091796875,274.53717041015625,210.0594940185547
Hybrid,large_5m,5,0.24910294024535695,1045.9307861328125,246.68458557128906,199.5525665283203
Hybrid,large_5m,6,0.22990906166275266,1033.095703125,269.64300537109375,198.55740356445312
Hybrid,large_5m,9,0.2357563988907332,1213.2012939453125,245.08360290527344,227.35589599609375
Hybrid,large_5m,8,0.24639832142942247,614.7086791992188,287.21514892578125,189.9956817626953
Hybrid,large_5m,7,0.2722837782331555,964.1759033203125,265.41668701171875,188.89376831054688
Hybrid,large_5m,12,0.24331997377293021,1046.300048828125,265.0193176269531,204.91212463378906
Hybrid,large_5m,11,0.25030247244037,644.104736328125,336.5742492675781,189.17178344726562
Hybrid,large_5m,10,0.21891278955582416,1056.817626953125,154.48077392578125,191.02708435058594
Hybrid,large_5m,13,0.2947569117484486,1300.173828125,252.7332305908203,213.78448486328125
Hybrid,large_5m,14,0.23926833471251804,1492.8416748046875,167.14306640625,216.58160400390625
Hybrid,large_5m,15,0.23390886530194474,1055.7425537109375,200.60360717773438,195.43711853027344
Hybrid,large_5m,16,0.23522643227199094,1090.00732421875,196.98031616210938,213.03164672851562
Hybrid,large_5m,17,0.2959503530197217,882.957275390625,308.8374938964844,188.95590209960938
Hybrid,large_5m,20,0.21436682109472605,916.2617797851562,173.0032196044922,180.2909698486328
Hybrid,large_5m,18,0.19744877075227077,903.3482666015625,167.096923828125,199.4899444580078
Hybrid,large_5m,19,0.27964248243523326,1039.0311279296875,299.7160949707031,186.19581604003906
Hybrid,large_5m,23,0.3065752633631651,1207.08447265625,296.8531188964844,222.2454833984375
Hybrid,large_5m,21,0.2416992128396718,1118.496337890625,213.88894653320312,186.08139038085938
Hybrid,large_5m,25,0.1920137907326085,541.3143920898438,258.0096740722656,166.8412628173828
Hybrid,large_5m,22,0.25187736253249304,944.316650390625,209.84852600097656,184.79534912109375
Hybrid,large_5m,24,0.2251772882966033,859.4172973632812,204.78408813476562,185.34469604492188
Hybrid,large_5m,26,0.2664572629672946,1114.768798828125,213.7305908203125,192.185791015625
Hybrid,large_5m,27,0.22205863341254645,1279.53564453125,220.584716796875,199.8857421875
Hybrid,large_5m,28,0.17497799061641883,955.7675170898438,156.12840270996094,202.95370483398438
Hybrid,large_5m,30,0.23930926330934282,922.458984375,206.23048400878906,194.29246520996094
Hybrid,large_5m,29,0.22792747114207257,1050.04150390625,257.5982971191406,204.6768035888672
Hybrid,large_5m,31,0.25010942732409663,1116.708740234375,212.71209716796875,191.66262817382812
Hybrid,large_5m,32,0.24251912560744868,1058.9808349609375,224.39315795898438,202.32461547851562
Hybrid,large_5m,34,0.21767127698114125,954.2680053710938,199.2888946533203,201.26129150390625
Hybrid,large_5m,33,0.25040118589499577,1078.2987060546875,217.2846221923828,204.18580627441406
Hybrid,large_5m,37,0.24267293572545842,797.0650024414062,239.4507598876953,178.61253356933594
Hybrid,large_5m,35,0.24003152518968268,832.5518188476562,287.1778869628906,187.90380859375
Hybrid,large_5m,38,0.2315078431221686,838.0382080078125,245.56260681152344,178.95635986328125
Hybrid,large_5m,39,0.24749373826399032,925.873779296875,270.28704833984375,187.2996368408203
Hybrid,large_5m,40,0.218899280515728,617.207275390625,249.09385681152344,195.376220703125
Hybrid,large_5m,36,0.2488482418409121,985.1161499023438,232.11997985839844,187.42471313476562
Hybrid,large_5m,42,0.21598058997393788,1086.3740234375,165.099853515625,200.97833251953125
Hybrid,large_5m,41,0.20643440241373698,1114.2606201171875,219.9805145263672,212.09762573242188
Hybrid,large_5m,43,0.20310041070042217,743.1885986328125,197.1609649658203,183.2611541748047
Hybrid,large_5m,44,0.21390300777711388,1068.0186767578125,217.4164581298828,201.5102996826172
Hybrid,large_5m,45,0.2139372614867742,921.099853515625,204.73184204101562,186.18490600585938
Hybrid,large_5m,46,0.19814261417061435,783.9468994140625,192.37242126464844,186.1288299560547
Hybrid,large_5m,47,0.2519873818213805,1157.8968505859375,252.87930297851562,205.15005493164062
Hybrid,large_5m,48,0.25030695313456713,1092.5323486328125,218.5920867919922,189.9197998046875
Hybrid,large_5m,49,0.23036421227486165,929.6924438476562,238.03591918945312,214.1116943359375
Hybrid,xlarge_10m,1,0.47110644258080925,15909.4462890625,5817.58740234375,193.3409881591797
Hybrid,xlarge_10m,5,0.46394236888659324,16035.171875,5644.3671875,204.78160095214844
Hybrid,xlarge_10m,2,0.5111682206358251,18267.615234375,5780.2158203125,200.2283477783203
Hybrid,xlarge_10m,0,0.5238701290771708,21852.369140625,5738.75927734375,206.04421997070312
Hybrid,xlarge_10m,9,0.4847930773795738,17193.515625,5386.45751953125,197.51426696777344
Hybrid,xlarge_10m,8,0.4692545149129873,16835.943359375,5283.73779296875,201.768798828125
Hybrid,xlarge_10m,4,0.5077166240545673,21142.197265625,5547.00634765625,217.6763458251953
Hybrid,xlarge_10m,3,0.4922255931436096,18815.69921875,5584.234375,200.16616821289062
Hybrid,xlarge_10m,6,0.5259099648803811,19794.859375,5686.607421875,200.18594360351562
Hybrid,xlarge_10m,11,0.4701548594316637,16903.76953125,5464.677734375,192.79844665527344
Hybrid,xlarge_10m,10,0.5370435449151045,20396.095703125,5729.35791015625,195.40451049804688
Hybrid,xlarge_10m,7,0.5044602854317517,19607.224609375,5776.39892578125,206.5457763671875
Hybrid,xlarge_10m,13,0.50537320353426,19447.798828125,5561.04345703125,198.22067260742188
Hybrid,xlarge_10m,12,0.45877222762515546,17695.453125,5345.90673828125,194.4939422607422
Hybrid,xlarge_10m,15,0.5341879625505539,20314.171875,5663.33154296875,203.43917846679688
Hybrid,xlarge_10m,14,0.4498324877076999,16607.5703125,5448.7685546875,194.36973571777344
Hybrid,xlarge_10m,16,0.4616910069683642,17054.814453125,5358.39697265625,191.0975799560547
Hybrid,xlarge_10m,17,0.48977677156879007,16718.951171875,5566.99658203125,193.36387634277344
Hybrid,xlarge_10m,24,0.4876084670696628,17245.85546875,5430.64404296875,189.93466186523438
Hybrid,xlarge_10m,19,0.4772363703946904,18617.474609375,5231.337890625,207.27694702148438
Hybrid,xlarge_10m,20,0.4809652021892199,16920.5703125,5676.86376953125,196.69761657714844
Hybrid,xlarge_10m,21,0.4737502157443002,16802.068359375,5544.60302734375,191.6277313232422
Hybrid,xlarge_10m,18,0.48591173112059743,18951.47265625,5364.17724609375,200.59298706054688
Hybrid,xlarge_10m,26,0.4852014947875592,18778.212890625,5559.0625,199.72677612304688
Hybrid,xlarge_10m,22,0.5041684354463591,18979.8359375,5770.10888671875,186.60890197753906
Hybrid,xlarge_10m,27,0.47166904311384905,18814.556640625,5728.98486328125,202.35093688964844
Hybrid,xlarge_10m,28,0.4877949285298919,18836.869140625,5560.92626953125,209.80438232421875
Hybrid,xlarge_10m,25,0.4779600589924038,17734.59765625,5567.50048828125,193.907470703125
Hybrid,xlarge_10m,30,0.520472888899431,19465.328125,5608.70947265625,195.91567993164062
Hybrid,xlarge_10m,23,0.5431918631753104,20923.310546875,5584.23095703125,200.5983428955078
Hybrid,xlarge_10m,31,0.4465632018900565,16737.90234375,5264.18115234375,195.94813537597656
Hybrid,xlarge_10m,29,0.49054845168850425,17431.64453125,5368.74951171875,190.53213500976562
Hybrid,xlarge_10m,35,0.456057752049462,16705.248046875,5248.92236328125,189.21974182128906
Hybrid,xlarge_10m,33,0.4416074479423659,15637.23046875,5209.3046875,190.49610900878906
Hybrid,xlarge_10m,32,0.5234532545316988,19007.41796875,5947.2490234375,190.07041931152344
Hybrid,xlarge_10m,36,0.47962538391762,17565.1640625,5341.56982421875,192.74916076660156
Hybrid,xlarge_10m,34,0.49129202092842794,19554.423828125,5641.57861328125,194.76760864257812
Hybrid,xlarge_10m,38,0.45111764621642775,16282.1015625,5313.029296875,193.83978271484375
Hybrid,xlarge_10m,41,0.4984158143618824,19037.658203125,5710.923828125,209.10336303710938
Hybrid,xlarge_10m,37,0.5199107388574289,18239.44921875,6411.658203125,187.6138916015625
Hybrid,xlarge_10m,39,0.4563088033183422,18227.107421875,5064.0185546875,196.645263671875
Hybrid,xlarge_10m,40,0.49143674235632817,17630.37109375,5883.23779296875,190.79168701171875
Hybrid,xlarge_10m,43,0.4996230001096539,19573.396484375,5296.96435546875,203.1351318359375
Hybrid,xlarge_10m,42,0.5308041132303418,20102.96875,5924.58203125,204.61085510253906
Hybrid,xlarge_10m,44,0.5113000170666955,19240.865234375,6143.75,191.8643341064453
Hybrid,xlarge_10m,45,0.4911594134727968,17975.380859375,6143.59130859375,195.9704132080078
Hybrid,xlarge_10m,46,0.5125969219193676,18744.79296875,5863.34716796875,192.1997833251953
Hybrid,xlarge_10m,47,0.514579114153764,19118.5,6321.4345703125,199.8921661376953
Hybrid,xlarge_10m,48,0.5005066038999633,18615.5078125,5685.48876953125,198.3194122314453
Hybrid,xlarge_10m,49,0.5055676877290394,18428.98828125,5840.6328125,212.556396484375
